name,code,asset_amount,currency_amount,domain,asset_issuer
USD Coin,USDC,85.59,$85.65,centre.io,GA5ZSEJYB37JRC5AVCIA5MOP4RHTM335X2KGX3IHOJAPP5RE34K4KZVN
BTC,BTC,0.00114,$27.98,ultrastellar.com,GDPJALI4AZKUU2W426U5WKMAT6CN3AJRPIIRYR2YM54TL2GDWO5O2MZM
Whiplash347,WHIPLASH,1852659.29,$23.48,whiplash.technology,GC7NQHBFYMXLFFUAYDTGCVVJ7YEH4LTCUELK3P5B6IJTNZ7S7ALBMDZJ
FR,FR,3999777443,$10.01,silver.stellar-commodities.com,GDRIDC2S3EVMWU5C6MF2COKCN7WJ74RU4WCCKAGLYI3KJHLXJB644FWM
DBS,DBS,3999999992,$9.62,silver.stellar-commodities.com,GDRIDC2S3EVMWU5C6MF2COKCN7WJ74RU4WCCKAGLYI3KJHLXJB644FWM
HIL,HIL,1466445167,$9.30,aluminum.stellar-commodities.com,GCMIJ3L6FKI2KHT5IEUULXKQK4KAC5P6K6EHMJMYMIBMGA5JLCYRXXPN
ZEUS,ZEUS,2622221359.80,$7.65,No Domain,GBWKSMDG7LIDERBDLJMV2CSGUXOYKSS422QRMZBO5FCJKWGG2REF2XYR
AUCOY,AUCOY,3999777448,$7.02,silver.stellar-commodities.com,GDRIDC2S3EVMWU5C6MF2COKCN7WJ74RU4WCCKAGLYI3KJHLXJB644FWM
CPI,CPI,1010100021,$6.41,aluminum.stellar-commodities.com,GCMIJ3L6FKI2KHT5IEUULXKQK4KAC5P6K6EHMJMYMIBMGA5JLCYRXXPN
ASE,ASE,1469444646.64,$5.97,No Domain,GAU7X4IX56QCXHS4GP663W7VPM2HLQGMKJ7JGGDLT2KOZHHQXTTOKSKS
Caribou Coffee,CRBU,1022624683,$5.81,coffee.stellar-commodities.com,GBXBHWVOGKB2T5KPV4SP5W7EI7KLEQAMRPNIK4J4WSBI7LWS5BAAXH75
Keurig Dr Pepper,KDP,1008888665,$5.02,coffee.stellar-commodities.com,GBXBHWVOGKB2T5KPV4SP5W7EI7KLEQAMRPNIK4J4WSBI7LWS5BAAXH75
RSA,RSA,1999999987,$4.61,aluminum.stellar-commodities.com,GCMIJ3L6FKI2KHT5IEUULXKQK4KAC5P6K6EHMJMYMIBMGA5JLCYRXXPN
KGHM,KGHM,1999999999,$4.23,No Domain,GDAP7ID53OHUWPMICIR525UWPZXOV6SY4N7KTYFHTFA3KLBH2W55VTGK
SLV,SLV,3999999733,$3.38,silver.stellar-commodities.com,GDRIDC2S3EVMWU5C6MF2COKCN7WJ74RU4WCCKAGLYI3KJHLXJB644FWM
MAG Silver Corp.,MAG,3999999443,$3.17,silver.stellar-commodities.com,GDRIDC2S3EVMWU5C6MF2COKCN7WJ74RU4WCCKAGLYI3KJHLXJB644FWM
INDUSXRP,INDUSXRP,249999976,$3.17,No Domain,GAUCPLSPBJKOSN7WZK6SDD2BYPQMC3YSWMLX4XXY7S4JPQFLJXEINDUS
Yamana Gold Inc.,YAMANA,4999999992,$2.88,silver.stellar-commodities.com,GDRIDC2S3EVMWU5C6MF2COKCN7WJ74RU4WCCKAGLYI3KJHLXJB644FWM
John Deere,JDE,1999999999,$2.82,agro.stellar-commodities.com,GB7TLE2GGU5WJTZGPPDRFZC4MIJCE2F5B37AD7S6TP7ZTIIMD52DUJXP
EXK,EXK,4099999768,$2.74,silver.stellar-commodities.com,GDRIDC2S3EVMWU5C6MF2COKCN7WJ74RU4WCCKAGLYI3KJHLXJB644FWM
Novatek,NOVA,2146999999,$2.72,gas.stellar-commodities.com,GDNCIRZGTYTPGDSTXR2H5U6XZZISD53ECE7MJFTKJACOXW4GOGFSH47W
INDUSXLM,INDUSXLM,139999981,$2.66,No Domain,GAUCPLSPBJKOSN7WZK6SDD2BYPQMC3YSWMLX4XXY7S4JPQFLJXEINDUS
JFE Steel,JFE,1999999999,$2.50,steel.stellar-commodities.com,GAAMDSXA7AYXIG6DFRDP55Y4ZVLIZ7PD6NUUQXLE6EMERI3GSYIGM3FW
Nutrien Ag Solutions,NTRN,999999999,$2.49,agro.stellar-commodities.com,GB7TLE2GGU5WJTZGPPDRFZC4MIJCE2F5B37AD7S6TP7ZTIIMD52DUJXP
General Electric Co.,GEC,2146999999,$2.45,gas.stellar-commodities.com,GDNCIRZGTYTPGDSTXR2H5U6XZZISD53ECE7MJFTKJACOXW4GOGFSH47W
GUARDIAN,GUARDIAN,14661.77,$2.40,No Domain,GB2Z42DRDOLLRLH62JFM3EC35DHD2KPETP6KKMX7EYKLFZEUXGGXG7L6
PASC,PASC,3999999776,$2.39,silver.stellar-commodities.com,GDRIDC2S3EVMWU5C6MF2COKCN7WJ74RU4WCCKAGLYI3KJHLXJB644FWM
YARA,YARA,1999999998,$2.39,agro.stellar-commodities.com,GB7TLE2GGU5WJTZGPPDRFZC4MIJCE2F5B37AD7S6TP7ZTIIMD52DUJXP
Safco,SFCO,1499999999,$2.35,agro.stellar-commodities.com,GB7TLE2GGU5WJTZGPPDRFZC4MIJCE2F5B37AD7S6TP7ZTIIMD52DUJXP
HKEX,HKEX,1940515802,$2.04,No Domain,GB7QZLIXRRJSW3524ROKQPCRPNGBNUZP7MKQK724ZVUHDIAWCAASS5OP
WPM,WPM,3999999443,$2.03,silver.stellar-commodities.com,GDRIDC2S3EVMWU5C6MF2COKCN7WJ74RU4WCCKAGLYI3KJHLXJB644FWM
CHALCO,CHALCO,1999899004,$2.03,aluminum.stellar-commodities.com,GCMIJ3L6FKI2KHT5IEUULXKQK4KAC5P6K6EHMJMYMIBMGA5JLCYRXXPN
Rio Tinto Group,TINTO,1999999609,$1.95,coal.stellar-commodities.com,GBLXTN45XHGJG5E64HTLQJUM3AWLCGMQAEARXY6MTHBQKUHJWG5UPZHI
AGS,AGS,4999999442,$1.90,silver.stellar-commodities.com,GDRIDC2S3EVMWU5C6MF2COKCN7WJ74RU4WCCKAGLYI3KJHLXJB644FWM
DuPont,DPNT,989999998,$1.89,agro.stellar-commodities.com,GB7TLE2GGU5WJTZGPPDRFZC4MIJCE2F5B37AD7S6TP7ZTIIMD52DUJXP
Koch Industries Inc,KOCH,2146999999,$1.82,gas.stellar-commodities.com,GDNCIRZGTYTPGDSTXR2H5U6XZZISD53ECE7MJFTKJACOXW4GOGFSH47W
Sanderson Farms,SAFM,999999998,$1.81,agro.stellar-commodities.com,GB7TLE2GGU5WJTZGPPDRFZC4MIJCE2F5B37AD7S6TP7ZTIIMD52DUJXP
RIL,RIL,2146999999,$1.72,gas.stellar-commodities.com,GDNCIRZGTYTPGDSTXR2H5U6XZZISD53ECE7MJFTKJACOXW4GOGFSH47W
Codelco,CDL,3999999368,$1.71,silver.stellar-commodities.com,GDRIDC2S3EVMWU5C6MF2COKCN7WJ74RU4WCCKAGLYI3KJHLXJB644FWM
GPL,GPL,2144444444,$1.70,gold.stellar-commodities.com,GAISQZX2KTMVEOHD3GLRBMQQH2ZY56BUMCLKYGVGT2XWO55FV57KRIGB
Apollo Diamond Inc.,ADIA,1999999999,$1.69,labdia.stellar-commodities.com,GAUUOT4TMJRISCPYTJG75YAAFBOEMUCUXACGLE2JJXVAR3772XDK6OJL
The Mosaic Company,MOS,949999998,$1.67,agro.stellar-commodities.com,GB7TLE2GGU5WJTZGPPDRFZC4MIJCE2F5B37AD7S6TP7ZTIIMD52DUJXP
Swarovski Diamonds,SVK,1999999999,$1.64,labdia.stellar-commodities.com,GAUUOT4TMJRISCPYTJG75YAAFBOEMUCUXACGLE2JJXVAR3772XDK6OJL
Coffee Beanery,CBRY,3022710406.50,$1.55,coffee.stellar-commodities.com,GBXBHWVOGKB2T5KPV4SP5W7EI7KLEQAMRPNIK4J4WSBI7LWS5BAAXH75
Hecla Mining,HELCA,3999999998,$1.54,silver.stellar-commodities.com,GDRIDC2S3EVMWU5C6MF2COKCN7WJ74RU4WCCKAGLYI3KJHLXJB644FWM
KGHM Polska Miedź,KGH,3999999748,$1.51,silver.stellar-commodities.com,GDRIDC2S3EVMWU5C6MF2COKCN7WJ74RU4WCCKAGLYI3KJHLXJB644FWM
Olam International,OLAM,999999999,$1.41,agro.stellar-commodities.com,GB7TLE2GGU5WJTZGPPDRFZC4MIJCE2F5B37AD7S6TP7ZTIIMD52DUJXP
Chevron Corporation,CVX,2146999999,$1.36,gas.stellar-commodities.com,GDNCIRZGTYTPGDSTXR2H5U6XZZISD53ECE7MJFTKJACOXW4GOGFSH47W
SNGS,SNGS,268985164.42,$1.33,No Domain,GCNMJWCYTEJFYNK43DIW6ODLHDEFODPXTPV3QIOYVUWSJIGH5YDT7KKS
REIT,REIT,1665301397.31,$1.30,swisscustody.org,GCXOJK55F3UMCSRTQ7YMMMUUPTBOEW7JNMHVP5JAPXGILGSHC723O6Q4
SPROTT,SPROTT,2146999999,$1.28,platinum.stellar-commodities.com,GB3TORQPESHPJO4R62VV43ROKEFTFGLES4FF4JSJMFP7X7FU6HQ2SBSI
EGA,EGA,1003335009,$1.27,aluminum.stellar-commodities.com,GCMIJ3L6FKI2KHT5IEUULXKQK4KAC5P6K6EHMJMYMIBMGA5JLCYRXXPN
SVM,SVM,5999999995,$1.25,silver.stellar-commodities.com,GDRIDC2S3EVMWU5C6MF2COKCN7WJ74RU4WCCKAGLYI3KJHLXJB644FWM
INDV,INDV,2140999999,$1.23,No Domain,GDKBIU2WB35TBSNDFH74VXLNV6TXXAMAXELM4D53JKIUXQWQ2FOAHPAU
SINOPEC,SINOPEC,2146999999,$1.21,gas.stellar-commodities.com,GDNCIRZGTYTPGDSTXR2H5U6XZZISD53ECE7MJFTKJACOXW4GOGFSH47W
Sony Group Corp.,SONY,1999999999,$1.20,silicon.stellar-commodities.com,GAEKCEF6ERJYCHZGQZQXKDADGJ6OTVRCWSBPHGATFXWO2BM5JIE73Z2C
DB,DB,286444455.19,$1.16,No Domain,GBBBKVDTVYK3D6VPRM6T2I63XHM6PJAAS5T4T25WTVL3AD2Q5VX6HESG
Fortuna Silver Mines,FVI,3999999998,$1.11,silver.stellar-commodities.com,GDRIDC2S3EVMWU5C6MF2COKCN7WJ74RU4WCCKAGLYI3KJHLXJB644FWM
GPM,GPM,3999999443,$1.08,silver.stellar-commodities.com,GDRIDC2S3EVMWU5C6MF2COKCN7WJ74RU4WCCKAGLYI3KJHLXJB644FWM
Uranium One,URO,2146999999,$1.07,uranium.stellar-commodities.com,GDGCFLA6IHQYE3O2J2HRQ2NMM2MXNBUABZQKHOMYIDOI5J3QJFD5ZMV2
Enel S.p.A.,ENEL,2146999999,$1.06,gas.stellar-commodities.com,GDNCIRZGTYTPGDSTXR2H5U6XZZISD53ECE7MJFTKJACOXW4GOGFSH47W
FDP,FDP,999999999,$1.06,agro.stellar-commodities.com,GB7TLE2GGU5WJTZGPPDRFZC4MIJCE2F5B37AD7S6TP7ZTIIMD52DUJXP
STEEM,STEEM,210444487.20,$1.03,No Domain,GBOGBKAHMXIGYHA5JRPOILGM37SJLQ52DISXCKJECAVKOZQ3OQ3J47RO
INDUSXBRICS,INDUSXBRICS,30000000,$1.03,No Domain,GAUCPLSPBJKOSN7WZK6SDD2BYPQMC3YSWMLX4XXY7S4JPQFLJXEINDUS
THBV,THBV,2140999999,$0.996,No Domain,GDKBIU2WB35TBSNDFH74VXLNV6TXXAMAXELM4D53JKIUXQWQ2FOAHPAU
AEM,AEM,2146999999,$0.908,gold.stellar-commodities.com,GAISQZX2KTMVEOHD3GLRBMQQH2ZY56BUMCLKYGVGT2XWO55FV57KRIGB
CBTL,CBTL,1499440534,$0.899,coffee.stellar-commodities.com,GBXBHWVOGKB2T5KPV4SP5W7EI7KLEQAMRPNIK4J4WSBI7LWS5BAAXH75
South32,S32,2099999997,$0.888,aluminum.stellar-commodities.com,GCMIJ3L6FKI2KHT5IEUULXKQK4KAC5P6K6EHMJMYMIBMGA5JLCYRXXPN
Shell PLC,SHELL,2146999999,$0.876,gas.stellar-commodities.com,GDNCIRZGTYTPGDSTXR2H5U6XZZISD53ECE7MJFTKJACOXW4GOGFSH47W
Cal-Maine Foods Inc.,CALM,999999999,$0.841,agro.stellar-commodities.com,GB7TLE2GGU5WJTZGPPDRFZC4MIJCE2F5B37AD7S6TP7ZTIIMD52DUJXP
DRDGOLD Limited,DRD,2146999999,$0.838,gold.stellar-commodities.com,GAISQZX2KTMVEOHD3GLRBMQQH2ZY56BUMCLKYGVGT2XWO55FV57KRIGB
Alcoa Corporation,ALCOA,1444444444,$0.832,aluminum.stellar-commodities.com,GCMIJ3L6FKI2KHT5IEUULXKQK4KAC5P6K6EHMJMYMIBMGA5JLCYRXXPN
KAZ,KAZ,2146999999,$0.823,uranium.stellar-commodities.com,GDGCFLA6IHQYE3O2J2HRQ2NMM2MXNBUABZQKHOMYIDOI5J3QJFD5ZMV2
WRN,WRN,2146999999,$0.817,gold.stellar-commodities.com,GAISQZX2KTMVEOHD3GLRBMQQH2ZY56BUMCLKYGVGT2XWO55FV57KRIGB
INDUSALGO,INDUSALGO,39999991,$0.812,No Domain,GAUCPLSPBJKOSN7WZK6SDD2BYPQMC3YSWMLX4XXY7S4JPQFLJXEINDUS
Kinross Gold Corp.,KGC,2146999999,$0.801,gold.stellar-commodities.com,GAISQZX2KTMVEOHD3GLRBMQQH2ZY56BUMCLKYGVGT2XWO55FV57KRIGB
Harmony Gold,HAR,2146999999,$0.792,gold.stellar-commodities.com,GAISQZX2KTMVEOHD3GLRBMQQH2ZY56BUMCLKYGVGT2XWO55FV57KRIGB
KOZA,KOZA,105263157.89,$0.786,No Domain,GD7BRTB5BOZZRDCMQSP2QK7SRWQRHEZIQ6W47QLGIAQQYDTO4R2DFHLP
BKAU,BKAU,1022322575.48,$0.763,No Domain,GBWKSMDG7LIDERBDLJMV2CSGUXOYKSS422QRMZBO5FCJKWGG2REF2XYR
ZML,ZML,999999999,$0.746,agro.stellar-commodities.com,GB7TLE2GGU5WJTZGPPDRFZC4MIJCE2F5B37AD7S6TP7ZTIIMD52DUJXP
TSM,TSM,1000000000,$0.704,silicon.stellar-commodities.com,GAEKCEF6ERJYCHZGQZQXKDADGJ6OTVRCWSBPHGATFXWO2BM5JIE73Z2C
ADAG,ADAG,2146999999,$0.688,gas.stellar-commodities.com,GDNCIRZGTYTPGDSTXR2H5U6XZZISD53ECE7MJFTKJACOXW4GOGFSH47W
Franco-Nevada Corp.,FNV,2146999999,$0.681,gold.stellar-commodities.com,GAISQZX2KTMVEOHD3GLRBMQQH2ZY56BUMCLKYGVGT2XWO55FV57KRIGB
YAMA,YAMA,270053180,$0.680,No Domain,GBWKSMDG7LIDERBDLJMV2CSGUXOYKSS422QRMZBO5FCJKWGG2REF2XYR
Gatos Silver Inc.,GATO,3999999553,$0.677,silver.stellar-commodities.com,GDRIDC2S3EVMWU5C6MF2COKCN7WJ74RU4WCCKAGLYI3KJHLXJB644FWM
TAI,TAI,2140999999,$0.671,No Domain,GDKBIU2WB35TBSNDFH74VXLNV6TXXAMAXELM4D53JKIUXQWQ2FOAHPAU
PJSC Polyus,PLZL,2146999999,$0.662,gold.stellar-commodities.com,GAISQZX2KTMVEOHD3GLRBMQQH2ZY56BUMCLKYGVGT2XWO55FV57KRIGB
INDUSXGOLD,INDUSXGOLD,30590434.57,$0.660,No Domain,GAUCPLSPBJKOSN7WZK6SDD2BYPQMC3YSWMLX4XXY7S4JPQFLJXEINDUS
USAS,USAS,2146999999,$0.656,gold.stellar-commodities.com,GAISQZX2KTMVEOHD3GLRBMQQH2ZY56BUMCLKYGVGT2XWO55FV57KRIGB
AYA,AYA,2146999999,$0.654,No Domain,GADXSUAABO5V647OSEQFR7T4ZOMIKUL5A43OJGLCCDBPT2DYX4WBQJHY
INDUSX,INDUSX,26294156.26,$0.653,No Domain,GAUCPLSPBJKOSN7WZK6SDD2BYPQMC3YSWMLX4XXY7S4JPQFLJXEINDUS
Rio Tinto Group,RIO,2146999999,$0.649,iron.stellar-commodities.com,GCD6T6GKYMGIC6LD7NH3STYNUXDEGIQTZF25XHC2GA4SMYCF2NP3C6QN
Sandstorm Gold Ltd.,SSAU,2146994444,$0.649,gold.stellar-commodities.com,GAISQZX2KTMVEOHD3GLRBMQQH2ZY56BUMCLKYGVGT2XWO55FV57KRIGB
Rosneft Oil Company,RSNFT,2146999999,$0.647,gas.stellar-commodities.com,GDNCIRZGTYTPGDSTXR2H5U6XZZISD53ECE7MJFTKJACOXW4GOGFSH47W
INDUSXRUBLE,INDUSXRUBLE,30000000,$0.646,No Domain,GAUCPLSPBJKOSN7WZK6SDD2BYPQMC3YSWMLX4XXY7S4JPQFLJXEINDUS
McCafe,MCD,1009999370,$0.641,coffee.stellar-commodities.com,GBXBHWVOGKB2T5KPV4SP5W7EI7KLEQAMRPNIK4J4WSBI7LWS5BAAXH75
GOA LANDBANK,GOI,162799994.90,$0.640,agrogenesis.in,GAEOCYPIX36WFIJH4JS4AYZPAJLQBI6BTA5TWCDACGHY3JFHTUOAFARM
Georgia Pacific,GPFC,1999999999,$0.639,forestry.stellar-commodities.com,GB7WDOH5D57OSCEXEF3N5JMT6B2YDFOGNWVWDCFKMW7YZYG72SHDSGIW
Rio Tinto Group,RIO,1999999999,$0.634,uranium.stellar-commodities.com,GDGCFLA6IHQYE3O2J2HRQ2NMM2MXNBUABZQKHOMYIDOI5J3QJFD5ZMV2
BVN,BVN,3999998873,$0.619,silver.stellar-commodities.com,GDRIDC2S3EVMWU5C6MF2COKCN7WJ74RU4WCCKAGLYI3KJHLXJB644FWM
Norilsk Nickel,NNIC,1999999999,$0.619,iron.stellar-commodities.com,GCD6T6GKYMGIC6LD7NH3STYNUXDEGIQTZF25XHC2GA4SMYCF2NP3C6QN
POLY,POLY,4293999998,$0.613,gold.stellar-commodities.com,GAISQZX2KTMVEOHD3GLRBMQQH2ZY56BUMCLKYGVGT2XWO55FV57KRIGB
CPAL,CPAL,2140999999,$0.604,No Domain,GDKBIU2WB35TBSNDFH74VXLNV6TXXAMAXELM4D53JKIUXQWQ2FOAHPAU
USSILVER,USSILVER,1735585.73,$0.595,No Domain,GDEUQ2MX3YXMITFOTC3CO3GW5V3XE3IVG7JKLZZAOZ7WFYIN256INDUS
Copper Miners ETF,COPX,1112330753,$0.588,StellarETFs.com,GBGHMGCRNOEBTLBL73ZR5R5P5WHC5X24244ITKUDYKXMILJBIPMCNPBK
Fresnillo,FNLPF,4146999368,$0.578,silver.stellar-commodities.com,GDRIDC2S3EVMWU5C6MF2COKCN7WJ74RU4WCCKAGLYI3KJHLXJB644FWM
Sovereign Gold Bonds,SGB,1464002404,$0.566,swisscustody.org,GAME5YNKHIPRSMN2BI3HLS3OYD4NE6FQ2WKUUJPYYM6GU4MRDUBPHN6B
Coeur Mining Inc.,COEUR,3999999443,$0.558,silver.stellar-commodities.com,GDRIDC2S3EVMWU5C6MF2COKCN7WJ74RU4WCCKAGLYI3KJHLXJB644FWM
Endeavour Mining,EDV,2146999999,$0.545,gold.stellar-commodities.com,GAISQZX2KTMVEOHD3GLRBMQQH2ZY56BUMCLKYGVGT2XWO55FV57KRIGB
NOKA,NOKA,2109999999,$0.533,No Domain,GDKBIU2WB35TBSNDFH74VXLNV6TXXAMAXELM4D53JKIUXQWQ2FOAHPAU
Duke Energy Corp,DUKE,2146999999,$0.531,gas.stellar-commodities.com,GDNCIRZGTYTPGDSTXR2H5U6XZZISD53ECE7MJFTKJACOXW4GOGFSH47W
ITALYGOLD,ITALYGOLD,34779397.93,$0.529,No Domain,GDEUQ2MX3YXMITFOTC3CO3GW5V3XE3IVG7JKLZZAOZ7WFYIN256INDUS
RIPPLE,RIPPLE,83887363.64,$0.525,No Domain,GBOGBKAHMXIGYHA5JRPOILGM37SJLQ52DISXCKJECAVKOZQ3OQ3J47RO
MAG,MAG,345489657.16,$0.521,No Domain,GBWKSMDG7LIDERBDLJMV2CSGUXOYKSS422QRMZBO5FCJKWGG2REF2XYR
SIVR,SIVR,3999999973,$0.507,silver.stellar-commodities.com,GDRIDC2S3EVMWU5C6MF2COKCN7WJ74RU4WCCKAGLYI3KJHLXJB644FWM
BHP Billiton,BLTN,1999999999,$0.507,iron.stellar-commodities.com,GCD6T6GKYMGIC6LD7NH3STYNUXDEGIQTZF25XHC2GA4SMYCF2NP3C6QN
INDUSXIPAY,INDUSXIPAY,39999988,$0.507,No Domain,GAUCPLSPBJKOSN7WZK6SDD2BYPQMC3YSWMLX4XXY7S4JPQFLJXEINDUS
IBM Semiconductors,IBM,1999999999,$0.506,silicon.stellar-commodities.com,GAEKCEF6ERJYCHZGQZQXKDADGJ6OTVRCWSBPHGATFXWO2BM5JIE73Z2C
TENCENT,TENCENT,1959217942,$0.497,No Domain,GB7QZLIXRRJSW3524ROKQPCRPNGBNUZP7MKQK724ZVUHDIAWCAASS5OP
TotalEnergies SE,TOTE,2146999999,$0.495,gas.stellar-commodities.com,GDNCIRZGTYTPGDSTXR2H5U6XZZISD53ECE7MJFTKJACOXW4GOGFSH47W
Hecla Mining,HL,2146999999,$0.478,gold.stellar-commodities.com,GAISQZX2KTMVEOHD3GLRBMQQH2ZY56BUMCLKYGVGT2XWO55FV57KRIGB
Peet’s Coffee,PEET,1029444777,$0.475,coffee.stellar-commodities.com,GBXBHWVOGKB2T5KPV4SP5W7EI7KLEQAMRPNIK4J4WSBI7LWS5BAAXH75
AGROEQUITY,FARM,29904021,$0.474,agrogenesis.in,GAEOCYPIX36WFIJH4JS4AYZPAJLQBI6BTA5TWCDACGHY3JFHTUOAFARM
Rio Tinto Group,TINTO,999999999,$0.461,aluminum.stellar-commodities.com,GCMIJ3L6FKI2KHT5IEUULXKQK4KAC5P6K6EHMJMYMIBMGA5JLCYRXXPN
Paladin Energy Ltd.,PDN,2146999999,$0.454,uranium.stellar-commodities.com,GDGCFLA6IHQYE3O2J2HRQ2NMM2MXNBUABZQKHOMYIDOI5J3QJFD5ZMV2
Mega Uranium Ltd.,MGA,2146999999,$0.454,uranium.stellar-commodities.com,GDGCFLA6IHQYE3O2J2HRQ2NMM2MXNBUABZQKHOMYIDOI5J3QJFD5ZMV2
Navoi Mining,NMMC,2146999999,$0.454,uranium.stellar-commodities.com,GDGCFLA6IHQYE3O2J2HRQ2NMM2MXNBUABZQKHOMYIDOI5J3QJFD5ZMV2
KAP,KAP,2146999999,$0.454,uranium.stellar-commodities.com,GDGCFLA6IHQYE3O2J2HRQ2NMM2MXNBUABZQKHOMYIDOI5J3QJFD5ZMV2
BAIR,BAIR,2140999999,$0.453,No Domain,GDKBIU2WB35TBSNDFH74VXLNV6TXXAMAXELM4D53JKIUXQWQ2FOAHPAU
Valore Metals Corp.,VAL,2146999999,$0.452,uranium.stellar-commodities.com,GDGCFLA6IHQYE3O2J2HRQ2NMM2MXNBUABZQKHOMYIDOI5J3QJFD5ZMV2
AMD,AMD,2157000000,$0.446,silicon.stellar-commodities.com,GAEKCEF6ERJYCHZGQZQXKDADGJ6OTVRCWSBPHGATFXWO2BM5JIE73Z2C
LG,LG,159394495.63,$0.445,No Domain,GDY7LCU3O5N2OLQNXEZ7RD53QJMHAB3FFJBGKJ65YK4D43EMJKP45BMU
SNA,SNA,2099999997,$0.444,aluminum.stellar-commodities.com,GCMIJ3L6FKI2KHT5IEUULXKQK4KAC5P6K6EHMJMYMIBMGA5JLCYRXXPN
GOLDTRADE,GOLDTRADE,4166666.67,$0.433,No Domain,GDEUQ2MX3YXMITFOTC3CO3GW5V3XE3IVG7JKLZZAOZ7WFYIN256INDUS
Rayonier Inc.,RYN,1999999994,$0.423,forestry.stellar-commodities.com,GB7WDOH5D57OSCEXEF3N5JMT6B2YDFOGNWVWDCFKMW7YZYG72SHDSGIW
Uranium Energy Corp.,UEC,1999999999,$0.422,uranium.stellar-commodities.com,GDGCFLA6IHQYE3O2J2HRQ2NMM2MXNBUABZQKHOMYIDOI5J3QJFD5ZMV2
Coeur Mining Inc.,CDE,2146999999,$0.419,gold.stellar-commodities.com,GAISQZX2KTMVEOHD3GLRBMQQH2ZY56BUMCLKYGVGT2XWO55FV57KRIGB
UROY,UROY,2146999999,$0.419,uranium.stellar-commodities.com,GDGCFLA6IHQYE3O2J2HRQ2NMM2MXNBUABZQKHOMYIDOI5J3QJFD5ZMV2
Iberdrola,IBD,2146999999,$0.419,gas.stellar-commodities.com,GDNCIRZGTYTPGDSTXR2H5U6XZZISD53ECE7MJFTKJACOXW4GOGFSH47W
CENP,CENP,2140999999,$0.418,No Domain,GDKBIU2WB35TBSNDFH74VXLNV6TXXAMAXELM4D53JKIUXQWQ2FOAHPAU
B2Gold,BTG,2146999999,$0.413,gold.stellar-commodities.com,GAISQZX2KTMVEOHD3GLRBMQQH2ZY56BUMCLKYGVGT2XWO55FV57KRIGB
92 Energy Ltd.,92E,2146999999,$0.413,uranium.stellar-commodities.com,GDGCFLA6IHQYE3O2J2HRQ2NMM2MXNBUABZQKHOMYIDOI5J3QJFD5ZMV2
QAL,QAL,2099999997,$0.410,aluminum.stellar-commodities.com,GCMIJ3L6FKI2KHT5IEUULXKQK4KAC5P6K6EHMJMYMIBMGA5JLCYRXXPN
Tata Coffee,TACF,2099999444,$0.410,coffee.stellar-commodities.com,GBXBHWVOGKB2T5KPV4SP5W7EI7KLEQAMRPNIK4J4WSBI7LWS5BAAXH75
Strauss Group Ltd.,STRS,2099999444,$0.410,coffee.stellar-commodities.com,GBXBHWVOGKB2T5KPV4SP5W7EI7KLEQAMRPNIK4J4WSBI7LWS5BAAXH75
Petropavlovsk PLC,POG,2146999999,$0.408,gold.stellar-commodities.com,GAISQZX2KTMVEOHD3GLRBMQQH2ZY56BUMCLKYGVGT2XWO55FV57KRIGB
Energy Fuels Inc.,EFI,2146999999,$0.407,uranium.stellar-commodities.com,GDGCFLA6IHQYE3O2J2HRQ2NMM2MXNBUABZQKHOMYIDOI5J3QJFD5ZMV2
United Company RUSAL,RUSAL,2099999997,$0.407,aluminum.stellar-commodities.com,GCMIJ3L6FKI2KHT5IEUULXKQK4KAC5P6K6EHMJMYMIBMGA5JLCYRXXPN
Zinzino AB,ZZB,2099999987,$0.404,coffee.stellar-commodities.com,GBXBHWVOGKB2T5KPV4SP5W7EI7KLEQAMRPNIK4J4WSBI7LWS5BAAXH75
THC,THC,2094444444,$0.403,coffee.stellar-commodities.com,GBXBHWVOGKB2T5KPV4SP5W7EI7KLEQAMRPNIK4J4WSBI7LWS5BAAXH75
Sumitomo Forestry,SFY,2098798798,$0.397,forestry.stellar-commodities.com,GB7WDOH5D57OSCEXEF3N5JMT6B2YDFOGNWVWDCFKMW7YZYG72SHDSGIW
Weyerhaeuser Company,WEY,1999999999,$0.390,forestry.stellar-commodities.com,GB7WDOH5D57OSCEXEF3N5JMT6B2YDFOGNWVWDCFKMW7YZYG72SHDSGIW
BHP Billiton,BHP,1999999999,$0.390,coal.stellar-commodities.com,GBLXTN45XHGJG5E64HTLQJUM3AWLCGMQAEARXY6MTHBQKUHJWG5UPZHI
Vedanta Limited,VEDL,1999999998,$0.390,aluminum.stellar-commodities.com,GCMIJ3L6FKI2KHT5IEUULXKQK4KAC5P6K6EHMJMYMIBMGA5JLCYRXXPN
Gold Fields Ltd.,GFI,2146999999,$0.389,gold.stellar-commodities.com,GAISQZX2KTMVEOHD3GLRBMQQH2ZY56BUMCLKYGVGT2XWO55FV57KRIGB
Rockwell Diamonds,RKWL,2146999999,$0.389,diamond.stellar-commodities.com,GCR6FENAHT7GO5W4JEMUXCRZOZ2TDO457OWQHEJYTFNLTOZHKKJBXCWX
Adani Power Ltd,ADPW,2146999999,$0.389,gas.stellar-commodities.com,GDNCIRZGTYTPGDSTXR2H5U6XZZISD53ECE7MJFTKJACOXW4GOGFSH47W
CGN,CGN,2146999999,$0.389,uranium.stellar-commodities.com,GDGCFLA6IHQYE3O2J2HRQ2NMM2MXNBUABZQKHOMYIDOI5J3QJFD5ZMV2
Aura Energy Ltd.,AURA,2146999999,$0.389,uranium.stellar-commodities.com,GDGCFLA6IHQYE3O2J2HRQ2NMM2MXNBUABZQKHOMYIDOI5J3QJFD5ZMV2
Anfield Energy Inc.,AEC,2146999999,$0.389,uranium.stellar-commodities.com,GDGCFLA6IHQYE3O2J2HRQ2NMM2MXNBUABZQKHOMYIDOI5J3QJFD5ZMV2
ERA,ERA,2146999999,$0.389,uranium.stellar-commodities.com,GDGCFLA6IHQYE3O2J2HRQ2NMM2MXNBUABZQKHOMYIDOI5J3QJFD5ZMV2
Bannerman Energy,BMN,2146999999,$0.389,uranium.stellar-commodities.com,GDGCFLA6IHQYE3O2J2HRQ2NMM2MXNBUABZQKHOMYIDOI5J3QJFD5ZMV2
Ur-Energy Inc.,URE,2146999999,$0.389,uranium.stellar-commodities.com,GDGCFLA6IHQYE3O2J2HRQ2NMM2MXNBUABZQKHOMYIDOI5J3QJFD5ZMV2
Manhattan Corp. Ltd.,MHC,2146999999,$0.389,uranium.stellar-commodities.com,GDGCFLA6IHQYE3O2J2HRQ2NMM2MXNBUABZQKHOMYIDOI5J3QJFD5ZMV2
IsoEnergy Ltd,ISO,2146999999,$0.389,uranium.stellar-commodities.com,GDGCFLA6IHQYE3O2J2HRQ2NMM2MXNBUABZQKHOMYIDOI5J3QJFD5ZMV2
RFP,RFP,1999999996,$0.387,forestry.stellar-commodities.com,GB7WDOH5D57OSCEXEF3N5JMT6B2YDFOGNWVWDCFKMW7YZYG72SHDSGIW
WUC,WUC,2146999999,$0.386,uranium.stellar-commodities.com,GDGCFLA6IHQYE3O2J2HRQ2NMM2MXNBUABZQKHOMYIDOI5J3QJFD5ZMV2
Anglo American PLC,AAL,1999999999,$0.384,coal.stellar-commodities.com,GBLXTN45XHGJG5E64HTLQJUM3AWLCGMQAEARXY6MTHBQKUHJWG5UPZHI
Franco-Nevada Corp.,FNV,1999999999,$0.384,iron.stellar-commodities.com,GCD6T6GKYMGIC6LD7NH3STYNUXDEGIQTZF25XHC2GA4SMYCF2NP3C6QN
MADN,MADN,1999999963,$0.384,aluminum.stellar-commodities.com,GCMIJ3L6FKI2KHT5IEUULXKQK4KAC5P6K6EHMJMYMIBMGA5JLCYRXXPN
Azincourt Energy,AAZ,2146999999,$0.381,uranium.stellar-commodities.com,GDGCFLA6IHQYE3O2J2HRQ2NMM2MXNBUABZQKHOMYIDOI5J3QJFD5ZMV2
ALX Uranium Corp.,ALX,2146999999,$0.381,uranium.stellar-commodities.com,GDGCFLA6IHQYE3O2J2HRQ2NMM2MXNBUABZQKHOMYIDOI5J3QJFD5ZMV2
General Atomics,GENA,2146999999,$0.381,uranium.stellar-commodities.com,GDGCFLA6IHQYE3O2J2HRQ2NMM2MXNBUABZQKHOMYIDOI5J3QJFD5ZMV2
PLU,PLU,2146999999,$0.381,uranium.stellar-commodities.com,GDGCFLA6IHQYE3O2J2HRQ2NMM2MXNBUABZQKHOMYIDOI5J3QJFD5ZMV2
Yunan Aluminium Co.,YUN,2099999979,$0.381,aluminum.stellar-commodities.com,GCMIJ3L6FKI2KHT5IEUULXKQK4KAC5P6K6EHMJMYMIBMGA5JLCYRXXPN
WFG,WFG,2099999974,$0.381,forestry.stellar-commodities.com,GB7WDOH5D57OSCEXEF3N5JMT6B2YDFOGNWVWDCFKMW7YZYG72SHDSGIW
Lavazza,LVZA,2009999994,$0.381,coffee.stellar-commodities.com,GBXBHWVOGKB2T5KPV4SP5W7EI7KLEQAMRPNIK4J4WSBI7LWS5BAAXH75
Coal India Ltd.,CIL,1999999999,$0.379,coal.stellar-commodities.com,GBLXTN45XHGJG5E64HTLQJUM3AWLCGMQAEARXY6MTHBQKUHJWG5UPZHI
Surteco Group,SUR,2079999999,$0.377,forestry.stellar-commodities.com,GB7WDOH5D57OSCEXEF3N5JMT6B2YDFOGNWVWDCFKMW7YZYG72SHDSGIW
AVNO,AVNO,4146999991,$0.376,silver.stellar-commodities.com,GDRIDC2S3EVMWU5C6MF2COKCN7WJ74RU4WCCKAGLYI3KJHLXJB644FWM
CNNC,CNNC,2146999999,$0.376,uranium.stellar-commodities.com,GDGCFLA6IHQYE3O2J2HRQ2NMM2MXNBUABZQKHOMYIDOI5J3QJFD5ZMV2
Elevate Uranium Ltd.,EUL,2146999999,$0.376,uranium.stellar-commodities.com,GDGCFLA6IHQYE3O2J2HRQ2NMM2MXNBUABZQKHOMYIDOI5J3QJFD5ZMV2
Caffe Nero,NERO,1999999444,$0.376,coffee.stellar-commodities.com,GBXBHWVOGKB2T5KPV4SP5W7EI7KLEQAMRPNIK4J4WSBI7LWS5BAAXH75
Tully’s Coffee,TULY,2109999997,$0.374,coffee.stellar-commodities.com,GBXBHWVOGKB2T5KPV4SP5W7EI7KLEQAMRPNIK4J4WSBI7LWS5BAAXH75
DAI,DAI,148404238,$0.374,No Domain,GBBBKVDTVYK3D6VPRM6T2I63XHM6PJAAS5T4T25WTVL3AD2Q5VX6HESG
Norsk Hydro ASA,NORSK,1999999969,$0.373,aluminum.stellar-commodities.com,GCMIJ3L6FKI2KHT5IEUULXKQK4KAC5P6K6EHMJMYMIBMGA5JLCYRXXPN
MSN,MSN,2049999993,$0.372,forestry.stellar-commodities.com,GB7WDOH5D57OSCEXEF3N5JMT6B2YDFOGNWVWDCFKMW7YZYG72SHDSGIW
SUNGOLD,SUNGOLD,281435.26,$0.370,No Domain,GCPEXGL2NAMN47XAUSWN6KGVDRUCNHICZSJCL2UUHBUOBPOXWJUPABDC
ANG,ANG,2146999999,$0.368,gold.stellar-commodities.com,GAISQZX2KTMVEOHD3GLRBMQQH2ZY56BUMCLKYGVGT2XWO55FV57KRIGB
Xinfa Group Co.,XINF,2009999997,$0.364,aluminum.stellar-commodities.com,GCMIJ3L6FKI2KHT5IEUULXKQK4KAC5P6K6EHMJMYMIBMGA5JLCYRXXPN
Denison Mines,DNN,2146999999,$0.363,uranium.stellar-commodities.com,GDGCFLA6IHQYE3O2J2HRQ2NMM2MXNBUABZQKHOMYIDOI5J3QJFD5ZMV2
American Woodmark,AMWD,1999999999,$0.362,forestry.stellar-commodities.com,GB7WDOH5D57OSCEXEF3N5JMT6B2YDFOGNWVWDCFKMW7YZYG72SHDSGIW
ACNR Holdings Inc.,ACNR,1999999999,$0.362,coal.stellar-commodities.com,GBLXTN45XHGJG5E64HTLQJUM3AWLCGMQAEARXY6MTHBQKUHJWG5UPZHI
DPD,DPD,1999999998,$0.362,forestry.stellar-commodities.com,GB7WDOH5D57OSCEXEF3N5JMT6B2YDFOGNWVWDCFKMW7YZYG72SHDSGIW
ZSX,ZSX,1999999998,$0.362,forestry.stellar-commodities.com,GB7WDOH5D57OSCEXEF3N5JMT6B2YDFOGNWVWDCFKMW7YZYG72SHDSGIW
UFPI,UFPI,1999999998,$0.362,forestry.stellar-commodities.com,GB7WDOH5D57OSCEXEF3N5JMT6B2YDFOGNWVWDCFKMW7YZYG72SHDSGIW
Mingtai Aluminium,MING,1999999998,$0.362,aluminum.stellar-commodities.com,GCMIJ3L6FKI2KHT5IEUULXKQK4KAC5P6K6EHMJMYMIBMGA5JLCYRXXPN
Steico SE,STC,1999999997,$0.362,forestry.stellar-commodities.com,GB7WDOH5D57OSCEXEF3N5JMT6B2YDFOGNWVWDCFKMW7YZYG72SHDSGIW
Celulosa Arauco,ARCO,1999999994,$0.362,forestry.stellar-commodities.com,GB7WDOH5D57OSCEXEF3N5JMT6B2YDFOGNWVWDCFKMW7YZYG72SHDSGIW
Holmen AB,HOLM,1999999993,$0.362,forestry.stellar-commodities.com,GB7WDOH5D57OSCEXEF3N5JMT6B2YDFOGNWVWDCFKMW7YZYG72SHDSGIW
Patrick Industries,PATK,1999999987,$0.362,forestry.stellar-commodities.com,GB7WDOH5D57OSCEXEF3N5JMT6B2YDFOGNWVWDCFKMW7YZYG72SHDSGIW
Stella-Jones,STJ,1999999987,$0.362,forestry.stellar-commodities.com,GB7WDOH5D57OSCEXEF3N5JMT6B2YDFOGNWVWDCFKMW7YZYG72SHDSGIW
GT,GT,1444444444,$0.362,rubber.stellar-commodities.com,GCYIPD2C7DMFZ45UNJRFBXDQ57A55LXP7SFGHOJHOT7DPYM3PG2OJB33
VSMPO-AVISMA Corp.,VSMO,1989994444,$0.360,aluminum.stellar-commodities.com,GCMIJ3L6FKI2KHT5IEUULXKQK4KAC5P6K6EHMJMYMIBMGA5JLCYRXXPN
Caffe Ritazza,CRTZ,4054905903,$0.356,coffee.stellar-commodities.com,GBXBHWVOGKB2T5KPV4SP5W7EI7KLEQAMRPNIK4J4WSBI7LWS5BAAXH75
Peñoles Mining,IPOAF,4146999473,$0.351,silver.stellar-commodities.com,GDRIDC2S3EVMWU5C6MF2COKCN7WJ74RU4WCCKAGLYI3KJHLXJB644FWM
ACER,ACER,138461583,$0.350,No Domain,GAU7X4IX56QCXHS4GP663W7VPM2HLQGMKJ7JGGDLT2KOZHHQXTTOKSKS
Costa coffee,COSTA,1899999444,$0.344,coffee.stellar-commodities.com,GBXBHWVOGKB2T5KPV4SP5W7EI7KLEQAMRPNIK4J4WSBI7LWS5BAAXH75
GLC,GLC,452212.94,$0.343,No Domain,GCPEXGL2NAMN47XAUSWN6KGVDRUCNHICZSJCL2UUHBUOBPOXWJUPABDC
BHP Group,BHP,2146999999,$0.340,uranium.stellar-commodities.com,GDGCFLA6IHQYE3O2J2HRQ2NMM2MXNBUABZQKHOMYIDOI5J3QJFD5ZMV2
Nucor Corporation,NUE,2146999999,$0.339,steel.stellar-commodities.com,GAAMDSXA7AYXIG6DFRDP55Y4ZVLIZ7PD6NUUQXLE6EMERI3GSYIGM3FW
ARAMCO,ARAMCO,3999999998,$0.338,gas.stellar-commodities.com,GDNCIRZGTYTPGDSTXR2H5U6XZZISD53ECE7MJFTKJACOXW4GOGFSH47W
ALONG LANDBANK,IXV,266430005,$0.338,agrogenesis.in,GAEOCYPIX36WFIJH4JS4AYZPAJLQBI6BTA5TWCDACGHY3JFHTUOAFARM
Vanguard Growth ETF,VUG,133180461,$0.336,StellarETFs.com,GBGHMGCRNOEBTLBL73ZR5R5P5WHC5X24244ITKUDYKXMILJBIPMCNPBK
SilverCrest Metals,SVC,4146999997,$0.329,silver.stellar-commodities.com,GDRIDC2S3EVMWU5C6MF2COKCN7WJ74RU4WCCKAGLYI3KJHLXJB644FWM
ITSILVERMINE,ITSILVERMINE,3390804.60,$0.327,No Domain,GDEUQ2MX3YXMITFOTC3CO3GW5V3XE3IVG7JKLZZAOZ7WFYIN256INDUS
NXT,NXT,1074099123.02,$0.321,No Domain,GDJSCIRHDGDGEI5SABB4COMUCJXM7S7HJQPHMF2AL3KX4Q4RHWGAQWGQ
De Beers Group,DEBEERS,1999999999,$0.317,labdia.stellar-commodities.com,GAUUOT4TMJRISCPYTJG75YAAFBOEMUCUXACGLE2JJXVAR3772XDK6OJL
Dunkin’ Donuts,DNKN,1999999998,$0.313,coffee.stellar-commodities.com,GBXBHWVOGKB2T5KPV4SP5W7EI7KLEQAMRPNIK4J4WSBI7LWS5BAAXH75
Nestle AG,NESN,1644444444,$0.311,coffee.stellar-commodities.com,GBXBHWVOGKB2T5KPV4SP5W7EI7KLEQAMRPNIK4J4WSBI7LWS5BAAXH75
BABA,BABA,1104145368,$0.311,No Domain,GB7QZLIXRRJSW3524ROKQPCRPNGBNUZP7MKQK724ZVUHDIAWCAASS5OP
BARC,BARC,369672139,$0.304,No Domain,GDLY2XNU57EQKYXK4XLN7N7ZKHH62FXYQZ2UPUJ6YD75AZYLUUO5QLST
Intel Corporation,INTC,1999999999,$0.297,silicon.stellar-commodities.com,GAEKCEF6ERJYCHZGQZQXKDADGJ6OTVRCWSBPHGATFXWO2BM5JIE73Z2C
ROSN,ROSN,1029411764,$0.297,No Domain,GCNMJWCYTEJFYNK43DIW6ODLHDEFODPXTPV3QIOYVUWSJIGH5YDT7KKS
NNN,NNN,441819.48,$0.291,No Domain,GCPEXGL2NAMN47XAUSWN6KGVDRUCNHICZSJCL2UUHBUOBPOXWJUPABDC
The Samsung Group,SMNG,1999999999,$0.288,silicon.stellar-commodities.com,GAEKCEF6ERJYCHZGQZQXKDADGJ6OTVRCWSBPHGATFXWO2BM5JIE73Z2C
Orla Mining Ltd.,ORLA,3999999996,$0.282,silver.stellar-commodities.com,GDRIDC2S3EVMWU5C6MF2COKCN7WJ74RU4WCCKAGLYI3KJHLXJB644FWM
East Hope Group,EHG,111210082.10,$0.282,aluminum.stellar-commodities.com,GCMIJ3L6FKI2KHT5IEUULXKQK4KAC5P6K6EHMJMYMIBMGA5JLCYRXXPN
Anglo American PLC,AAL,1999999999,$0.279,iron.stellar-commodities.com,GCD6T6GKYMGIC6LD7NH3STYNUXDEGIQTZF25XHC2GA4SMYCF2NP3C6QN
Cannabis Growth Fund,VCAN,544250757,$0.277,swisscustody.org,GCXOJK55F3UMCSRTQ7YMMMUUPTBOEW7JNMHVP5JAPXGILGSHC723O6Q4
TATAPWR,TATAPWR,575000054.86,$0.275,No Domain,GDJSCIRHDGDGEI5SABB4COMUCJXM7S7HJQPHMF2AL3KX4Q4RHWGAQWGQ
SQM,SQM,2146999999,$0.272,lithium.stellar-commodities.com,GDIJJIN5QG5YJNA5SZ5EHEQKF55GOV2OUWXTSJRTNG64R3PS76WDICBJ
Nexa Resources SA,NEXA,2144444444,$0.272,gold.stellar-commodities.com,GAISQZX2KTMVEOHD3GLRBMQQH2ZY56BUMCLKYGVGT2XWO55FV57KRIGB
Exxon Mobil Corp,XOM,3999999998,$0.267,gas.stellar-commodities.com,GDNCIRZGTYTPGDSTXR2H5U6XZZISD53ECE7MJFTKJACOXW4GOGFSH47W
SHELL,SHELL,210657495.92,$0.267,No Domain,GDJSCIRHDGDGEI5SABB4COMUCJXM7S7HJQPHMF2AL3KX4Q4RHWGAQWGQ
Trex Company,TREX,4179999998,$0.265,forestry.stellar-commodities.com,GB7WDOH5D57OSCEXEF3N5JMT6B2YDFOGNWVWDCFKMW7YZYG72SHDSGIW
PLS,PLS,2146999999,$0.258,lithium.stellar-commodities.com,GDIJJIN5QG5YJNA5SZ5EHEQKF55GOV2OUWXTSJRTNG64R3PS76WDICBJ
SVE,SVE,3999999943,$0.257,silver.stellar-commodities.com,GDRIDC2S3EVMWU5C6MF2COKCN7WJ74RU4WCCKAGLYI3KJHLXJB644FWM
SILVERBUY,SILVERBUY,11186856.57,$0.255,No Domain,GDEUQ2MX3YXMITFOTC3CO3GW5V3XE3IVG7JKLZZAOZ7WFYIN256INDUS
Tata Steel Ltd.,TATA,3999999998,$0.254,steel.stellar-commodities.com,GAAMDSXA7AYXIG6DFRDP55Y4ZVLIZ7PD6NUUQXLE6EMERI3GSYIGM3FW
NPM,NPM,3999936935,$0.254,silver.stellar-commodities.com,GDRIDC2S3EVMWU5C6MF2COKCN7WJ74RU4WCCKAGLYI3KJHLXJB644FWM
Michelin,ML,994999993,$0.251,rubber.stellar-commodities.com,GCYIPD2C7DMFZ45UNJRFBXDQ57A55LXP7SFGHOJHOT7DPYM3PG2OJB33
NVTK,NVTK,825598517.67,$0.249,No Domain,GCNMJWCYTEJFYNK43DIW6ODLHDEFODPXTPV3QIOYVUWSJIGH5YDT7KKS
Alamos Gold,AGI,2146999999,$0.248,gold.stellar-commodities.com,GAISQZX2KTMVEOHD3GLRBMQQH2ZY56BUMCLKYGVGT2XWO55FV57KRIGB
DESILVERSALE,DESILVERSALE,13031914.89,$0.240,No Domain,GDEUQ2MX3YXMITFOTC3CO3GW5V3XE3IVG7JKLZZAOZ7WFYIN256INDUS
Enbridge Inc.,ENB,2146999999,$0.237,gas.stellar-commodities.com,GDNCIRZGTYTPGDSTXR2H5U6XZZISD53ECE7MJFTKJACOXW4GOGFSH47W
Cameco Corp.,CCJ,2146999999,$0.227,uranium.stellar-commodities.com,GDGCFLA6IHQYE3O2J2HRQ2NMM2MXNBUABZQKHOMYIDOI5J3QJFD5ZMV2
Argonaut Gold Inc.,AR,2146999999,$0.227,gold.stellar-commodities.com,GAISQZX2KTMVEOHD3GLRBMQQH2ZY56BUMCLKYGVGT2XWO55FV57KRIGB
ARAMCO,ARAMCO,291555911.23,$0.227,No Domain,GDJSCIRHDGDGEI5SABB4COMUCJXM7S7HJQPHMF2AL3KX4Q4RHWGAQWGQ
TATAS,TATAS,354113341.33,$0.225,No Domain,GBWKSMDG7LIDERBDLJMV2CSGUXOYKSS422QRMZBO5FCJKWGG2REF2XYR
AQUA,AQUA,208.72,$0.225,aqua.network,GBNZILSTVQZ4R7IKQDGHYGY2QXL5QOFJYQMXPKWRRM5PAV7Y4M67AQUA
LKOH,LKOH,765956302.03,$0.221,No Domain,GCNMJWCYTEJFYNK43DIW6ODLHDEFODPXTPV3QIOYVUWSJIGH5YDT7KKS
TSMC,TSMC,117557632.41,$0.217,No Domain,GAU7X4IX56QCXHS4GP663W7VPM2HLQGMKJ7JGGDLT2KOZHHQXTTOKSKS
STWI,STWI,2146999999,$0.204,gas.stellar-commodities.com,GDNCIRZGTYTPGDSTXR2H5U6XZZISD53ECE7MJFTKJACOXW4GOGFSH47W
Barrick Gold Corp.,BRK,2146999999,$0.195,gold.stellar-commodities.com,GAISQZX2KTMVEOHD3GLRBMQQH2ZY56BUMCLKYGVGT2XWO55FV57KRIGB
MMC,MMC,999999994,$0.195,aluminum.stellar-commodities.com,GCMIJ3L6FKI2KHT5IEUULXKQK4KAC5P6K6EHMJMYMIBMGA5JLCYRXXPN
JPGOLDSALES,JPGOLDSALES,3333333.33,$0.195,No Domain,GDEUQ2MX3YXMITFOTC3CO3GW5V3XE3IVG7JKLZZAOZ7WFYIN256INDUS
Dutch Bros. Coffee,DUBR,1022725904,$0.192,coffee.stellar-commodities.com,GBXBHWVOGKB2T5KPV4SP5W7EI7KLEQAMRPNIK4J4WSBI7LWS5BAAXH75
Continental AG,CNTL,993996999,$0.189,rubber.stellar-commodities.com,GCYIPD2C7DMFZ45UNJRFBXDQ57A55LXP7SFGHOJHOT7DPYM3PG2OJB33
PPLT,PPLT,499999999,$0.186,platinum.stellar-commodities.com,GB3TORQPESHPJO4R62VV43ROKEFTFGLES4FF4JSJMFP7X7FU6HQ2SBSI
NLGOLDSALES,NLGOLDSALES,4081632.65,$0.186,No Domain,GDEUQ2MX3YXMITFOTC3CO3GW5V3XE3IVG7JKLZZAOZ7WFYIN256INDUS
QSINDUS,QSINDUS,1454148.75,$0.184,No Domain,GCN2N7NUM5LVSXPCE63LENMXBBBG53VWLDTBNZSIGJ6EUKAMDUEMDHBP
New Found Gold Corp.,NFG,2146999999,$0.182,gold.stellar-commodities.com,GAISQZX2KTMVEOHD3GLRBMQQH2ZY56BUMCLKYGVGT2XWO55FV57KRIGB
INDUSSILVER,INDUSSILVER,909090.91,$0.182,No Domain,GDEUQ2MX3YXMITFOTC3CO3GW5V3XE3IVG7JKLZZAOZ7WFYIN256INDUS
FARMBOND 4.1%,FB04,50040409,$0.181,agrogenesis.in,GAEOCYPIX36WFIJH4JS4AYZPAJLQBI6BTA5TWCDACGHY3JFHTUOAFARM
AUSILVER,AUSILVER,2193463.48,$0.178,No Domain,GDEUQ2MX3YXMITFOTC3CO3GW5V3XE3IVG7JKLZZAOZ7WFYIN256INDUS
Hitachi Metals Ltd.,HITACHI,1999999999,$0.175,aluminum.stellar-commodities.com,GCMIJ3L6FKI2KHT5IEUULXKQK4KAC5P6K6EHMJMYMIBMGA5JLCYRXXPN
Gold ETF,GETF,344188305,$0.175,StellarETFs.com,GBGHMGCRNOEBTLBL73ZR5R5P5WHC5X24244ITKUDYKXMILJBIPMCNPBK
IPAYIN,IPAYIN,1000000,$0.175,No Domain,GDEUQ2MX3YXMITFOTC3CO3GW5V3XE3IVG7JKLZZAOZ7WFYIN256INDUS
PORSCHE,PORSCHE,54202024.10,$0.174,No Domain,GBBBKVDTVYK3D6VPRM6T2I63XHM6PJAAS5T4T25WTVL3AD2Q5VX6HESG
GOLD,GOLD,17644.02,$0.174,No Domain,GDBCZF3RDYF3FWSP46TILK2LU3M2V25PFCCWXD4SXJYK752AQ4J2CX4S
GOLDBUY,GOLDBUY,7272173.52,$0.171,No Domain,GDEUQ2MX3YXMITFOTC3CO3GW5V3XE3IVG7JKLZZAOZ7WFYIN256INDUS
OGC,OGC,270045.57,$0.171,No Domain,GCPEXGL2NAMN47XAUSWN6KGVDRUCNHICZSJCL2UUHBUOBPOXWJUPABDC
Newmont,NEM,512500000,$0.170,gold.stellar-commodities.com,GAISQZX2KTMVEOHD3GLRBMQQH2ZY56BUMCLKYGVGT2XWO55FV57KRIGB
IPAYUSA,IPAYUSA,1136363.75,$0.170,No Domain,GDEUQ2MX3YXMITFOTC3CO3GW5V3XE3IVG7JKLZZAOZ7WFYIN256INDUS
Oji Paper Co.,OJI,1999999998,$0.169,forestry.stellar-commodities.com,GB7WDOH5D57OSCEXEF3N5JMT6B2YDFOGNWVWDCFKMW7YZYG72SHDSGIW
GEMINI,GEMINI,166277450.92,$0.169,No Domain,GBOGBKAHMXIGYHA5JRPOILGM37SJLQ52DISXCKJECAVKOZQ3OQ3J47RO
FAB,FAB,111202026.45,$0.169,No Domain,GCLQMERQP5Z2EVXV5POZT4HZ7OHSGRVHXPN63VK5CFKLNH6FID23GG5N
MTEK,MTEK,354545454.11,$0.167,No Domain,GAU7X4IX56QCXHS4GP663W7VPM2HLQGMKJ7JGGDLT2KOZHHQXTTOKSKS
GOLDX,GOLDX,23193.15,$0.166,No Domain,GBONBQ3TW6RRML6XEZZQ36GHEG6WLJOHDIS2FE4LBWP5IPW6FO4PBJTE
BMW,BMW,87517481.83,$0.163,No Domain,GBBBKVDTVYK3D6VPRM6T2I63XHM6PJAAS5T4T25WTVL3AD2Q5VX6HESG
SilverCrest Metals,SIL,2146999999,$0.160,gold.stellar-commodities.com,GAISQZX2KTMVEOHD3GLRBMQQH2ZY56BUMCLKYGVGT2XWO55FV57KRIGB
NLSILVERSALE,NLSILVERSALE,3508771.93,$0.160,No Domain,GDEUQ2MX3YXMITFOTC3CO3GW5V3XE3IVG7JKLZZAOZ7WFYIN256INDUS
IPAYIT,IPAYIT,3454231.43,$0.160,No Domain,GDEUQ2MX3YXMITFOTC3CO3GW5V3XE3IVG7JKLZZAOZ7WFYIN256INDUS
China Hongqiao,HNQ,515755959,$0.158,aluminum.stellar-commodities.com,GCMIJ3L6FKI2KHT5IEUULXKQK4KAC5P6K6EHMJMYMIBMGA5JLCYRXXPN
Klabin Co. Ltd.,KLBN,1999999987,$0.154,forestry.stellar-commodities.com,GB7WDOH5D57OSCEXEF3N5JMT6B2YDFOGNWVWDCFKMW7YZYG72SHDSGIW
ASUS,ASUS,600000051,$0.154,No Domain,GAU7X4IX56QCXHS4GP663W7VPM2HLQGMKJ7JGGDLT2KOZHHQXTTOKSKS
FRENCHSILVER,FRENCHSILVER,5500000,$0.154,No Domain,GDEUQ2MX3YXMITFOTC3CO3GW5V3XE3IVG7JKLZZAOZ7WFYIN256INDUS
IPAYNL,IPAYNL,1282051.28,$0.153,No Domain,GDEUQ2MX3YXMITFOTC3CO3GW5V3XE3IVG7JKLZZAOZ7WFYIN256INDUS
Nvidia Corporation,NVDA,2146900000,$0.152,silicon.stellar-commodities.com,GAEKCEF6ERJYCHZGQZQXKDADGJ6OTVRCWSBPHGATFXWO2BM5JIE73Z2C
BMW,BMW,200000072,$0.152,No Domain,GDY7LCU3O5N2OLQNXEZ7RD53QJMHAB3FFJBGKJ65YK4D43EMJKP45BMU
Yamana Gold Inc.,AUY,2146999999,$0.151,gold.stellar-commodities.com,GAISQZX2KTMVEOHD3GLRBMQQH2ZY56BUMCLKYGVGT2XWO55FV57KRIGB
USGOLDSALES,USGOLDSALES,3909096.91,$0.149,No Domain,GDEUQ2MX3YXMITFOTC3CO3GW5V3XE3IVG7JKLZZAOZ7WFYIN256INDUS
GOLDBULLION,GOLDBULLION,2272737.60,$0.149,No Domain,GDEUQ2MX3YXMITFOTC3CO3GW5V3XE3IVG7JKLZZAOZ7WFYIN256INDUS
USSILVERMINE,USSILVERMINE,1727115.72,$0.149,No Domain,GDEUQ2MX3YXMITFOTC3CO3GW5V3XE3IVG7JKLZZAOZ7WFYIN256INDUS
GOLDDIVIDEND,GOLDDIVIDEND,916496.95,$0.149,No Domain,GDEUQ2MX3YXMITFOTC3CO3GW5V3XE3IVG7JKLZZAOZ7WFYIN256INDUS
Centerra Gold Inc.,CGAU,2146999999,$0.148,gold.stellar-commodities.com,GAISQZX2KTMVEOHD3GLRBMQQH2ZY56BUMCLKYGVGT2XWO55FV57KRIGB
RUGOLDSALES,RUGOLDSALES,1712023,$0.148,No Domain,GDEUQ2MX3YXMITFOTC3CO3GW5V3XE3IVG7JKLZZAOZ7WFYIN256INDUS
AUSILVERMINE,AUSILVERMINE,925925.93,$0.148,No Domain,GDEUQ2MX3YXMITFOTC3CO3GW5V3XE3IVG7JKLZZAOZ7WFYIN256INDUS
GOLDNOTE,GOLDNOTE,1555617.29,$0.146,No Domain,GDEUQ2MX3YXMITFOTC3CO3GW5V3XE3IVG7JKLZZAOZ7WFYIN256INDUS
SCEM,SCEM,2140999999,$0.144,No Domain,GDKBIU2WB35TBSNDFH74VXLNV6TXXAMAXELM4D53JKIUXQWQ2FOAHPAU
RHDIVIDEND,RHDIVIDEND,1538461.54,$0.144,No Domain,GDEUQ2MX3YXMITFOTC3CO3GW5V3XE3IVG7JKLZZAOZ7WFYIN256INDUS
IPAYFR,IPAYFR,1020408.16,$0.142,No Domain,GDEUQ2MX3YXMITFOTC3CO3GW5V3XE3IVG7JKLZZAOZ7WFYIN256INDUS
IPAYAU,IPAYAU,1136363.64,$0.141,No Domain,GDEUQ2MX3YXMITFOTC3CO3GW5V3XE3IVG7JKLZZAOZ7WFYIN256INDUS
QFSWALLETS,QFSWALLETS,17.22,$0.141,xrpbc.stellarmint.io,GAMZ2QZNGAJJB52EAPAYNH7S7CTJRKE3ZF2HGJFEX6BOQVADEGKTJSLX
PAAS,PAAS,2146999999,$0.139,gold.stellar-commodities.com,GAISQZX2KTMVEOHD3GLRBMQQH2ZY56BUMCLKYGVGT2XWO55FV57KRIGB
Tianqi Lithium Corp.,TLC,2146999999,$0.137,lithium.stellar-commodities.com,GDIJJIN5QG5YJNA5SZ5EHEQKF55GOV2OUWXTSJRTNG64R3PS76WDICBJ
Eldorado Gold Corp.,EGO,2146999999,$0.137,gold.stellar-commodities.com,GAISQZX2KTMVEOHD3GLRBMQQH2ZY56BUMCLKYGVGT2XWO55FV57KRIGB
Tiffany & Co.,TFC,2146999999,$0.136,diamond.stellar-commodities.com,GCR6FENAHT7GO5W4JEMUXCRZOZ2TDO457OWQHEJYTFNLTOZHKKJBXCWX
Austin Gold Corp.,AUST,2146999999,$0.136,gold.stellar-commodities.com,GAISQZX2KTMVEOHD3GLRBMQQH2ZY56BUMCLKYGVGT2XWO55FV57KRIGB
ASM,ASM,2146999999,$0.136,gold.stellar-commodities.com,GAISQZX2KTMVEOHD3GLRBMQQH2ZY56BUMCLKYGVGT2XWO55FV57KRIGB
Petra Diamonds Ltd.,PDL,2146999999,$0.136,diamond.stellar-commodities.com,GCR6FENAHT7GO5W4JEMUXCRZOZ2TDO457OWQHEJYTFNLTOZHKKJBXCWX
NextEra Energy Inc,NXT,2146999999,$0.136,gas.stellar-commodities.com,GDNCIRZGTYTPGDSTXR2H5U6XZZISD53ECE7MJFTKJACOXW4GOGFSH47W
CONP,CONP,2146999999,$0.136,gas.stellar-commodities.com,GDNCIRZGTYTPGDSTXR2H5U6XZZISD53ECE7MJFTKJACOXW4GOGFSH47W
NexGen Energy Ltd.,NXE,2146999999,$0.136,uranium.stellar-commodities.com,GDGCFLA6IHQYE3O2J2HRQ2NMM2MXNBUABZQKHOMYIDOI5J3QJFD5ZMV2
ARMZ Uranium Holding,ARMZ,2146999999,$0.136,uranium.stellar-commodities.com,GDGCFLA6IHQYE3O2J2HRQ2NMM2MXNBUABZQKHOMYIDOI5J3QJFD5ZMV2
Orano SA,ORA,2146999999,$0.136,uranium.stellar-commodities.com,GDGCFLA6IHQYE3O2J2HRQ2NMM2MXNBUABZQKHOMYIDOI5J3QJFD5ZMV2
Azarga Uranium Inc.,AZU,2146999999,$0.136,uranium.stellar-commodities.com,GDGCFLA6IHQYE3O2J2HRQ2NMM2MXNBUABZQKHOMYIDOI5J3QJFD5ZMV2
Yellow Cake PLC,YCA,2146999999,$0.136,uranium.stellar-commodities.com,GDGCFLA6IHQYE3O2J2HRQ2NMM2MXNBUABZQKHOMYIDOI5J3QJFD5ZMV2
BVN,BVN,2144444444,$0.136,gold.stellar-commodities.com,GAISQZX2KTMVEOHD3GLRBMQQH2ZY56BUMCLKYGVGT2XWO55FV57KRIGB
Orla Mining Ltd.,ORLA,2144444444,$0.136,gold.stellar-commodities.com,GAISQZX2KTMVEOHD3GLRBMQQH2ZY56BUMCLKYGVGT2XWO55FV57KRIGB
BANQ,BANQ,2140999999,$0.136,No Domain,GDKBIU2WB35TBSNDFH74VXLNV6TXXAMAXELM4D53JKIUXQWQ2FOAHPAU
PTT,PTT,2140999999,$0.136,No Domain,GDKBIU2WB35TBSNDFH74VXLNV6TXXAMAXELM4D53JKIUXQWQ2FOAHPAU
CPOK,CPOK,2140999999,$0.136,No Domain,GDKBIU2WB35TBSNDFH74VXLNV6TXXAMAXELM4D53JKIUXQWQ2FOAHPAU
THAIR,THAIR,2140999999,$0.136,No Domain,GDKBIU2WB35TBSNDFH74VXLNV6TXXAMAXELM4D53JKIUXQWQ2FOAHPAU
KBQ,KBQ,2140999999,$0.136,No Domain,GDKBIU2WB35TBSNDFH74VXLNV6TXXAMAXELM4D53JKIUXQWQ2FOAHPAU
UEC,UEC,904444502.89,$0.135,No Domain,GBWKSMDG7LIDERBDLJMV2CSGUXOYKSS422QRMZBO5FCJKWGG2REF2XYR
Luckin Coffee Inc.,LKNCY,1999999110,$0.134,coffee.stellar-commodities.com,GBXBHWVOGKB2T5KPV4SP5W7EI7KLEQAMRPNIK4J4WSBI7LWS5BAAXH75
TCP,TCP,2099999444,$0.133,coffee.stellar-commodities.com,GBXBHWVOGKB2T5KPV4SP5W7EI7KLEQAMRPNIK4J4WSBI7LWS5BAAXH75
PJSC Gazprom,GAZP,1999999999,$0.133,gas.stellar-commodities.com,GDNCIRZGTYTPGDSTXR2H5U6XZZISD53ECE7MJFTKJACOXW4GOGFSH47W
SILVERSPOT,SILVERSPOT,955933.31,$0.131,No Domain,GDEUQ2MX3YXMITFOTC3CO3GW5V3XE3IVG7JKLZZAOZ7WFYIN256INDUS
Uravan Minerals Inc.,URV,2146999999,$0.130,uranium.stellar-commodities.com,GDGCFLA6IHQYE3O2J2HRQ2NMM2MXNBUABZQKHOMYIDOI5J3QJFD5ZMV2
GoviEx Uranium Inc.,GXU,2146999999,$0.130,uranium.stellar-commodities.com,GDGCFLA6IHQYE3O2J2HRQ2NMM2MXNBUABZQKHOMYIDOI5J3QJFD5ZMV2
GJC,GJC,2054752909,$0.130,coffee.stellar-commodities.com,GBXBHWVOGKB2T5KPV4SP5W7EI7KLEQAMRPNIK4J4WSBI7LWS5BAAXH75
TOYOTA,TOYOTA,578406062.20,$0.129,No Domain,GBW3JAGBMMSULGE4KOMGQ4J7RYQHUFBSD33RCTHPBJVYUHFJSTIFK7KD
SBUX,SBUX,2019999999,$0.128,coffee.stellar-commodities.com,GBXBHWVOGKB2T5KPV4SP5W7EI7KLEQAMRPNIK4J4WSBI7LWS5BAAXH75
EMAAR,EMAAR,5025125.63,$0.128,No Domain,GCLQMERQP5Z2EVXV5POZT4HZ7OHSGRVHXPN63VK5CFKLNH6FID23GG5N
KTHOUSE,KTHOUSE,13.86,$0.128,kthouse.co,GB5BK7HJK7SJGJXN4X6BV2QBEWGXVMEZJRGKWBFU6PK6BV4DW7WOQ27W
De Beers Group,DBG,2146999999,$0.127,diamond.stellar-commodities.com,GCR6FENAHT7GO5W4JEMUXCRZOZ2TDO457OWQHEJYTFNLTOZHKKJBXCWX
Tata Power Co. Ltd.,TATAPWR,2146999999,$0.127,gas.stellar-commodities.com,GDNCIRZGTYTPGDSTXR2H5U6XZZISD53ECE7MJFTKJACOXW4GOGFSH47W
CHYP,CHYP,2146999999,$0.127,gas.stellar-commodities.com,GDNCIRZGTYTPGDSTXR2H5U6XZZISD53ECE7MJFTKJACOXW4GOGFSH47W
ALEG,ALEG,2146999999,$0.127,No Domain,GDAP7ID53OHUWPMICIR525UWPZXOV6SY4N7KTYFHTFA3KLBH2W55VTGK
HDI,HDI,2009999997,$0.127,forestry.stellar-commodities.com,GB7WDOH5D57OSCEXEF3N5JMT6B2YDFOGNWVWDCFKMW7YZYG72SHDSGIW
BP plc,BP,1999999999,$0.127,gas.stellar-commodities.com,GDNCIRZGTYTPGDSTXR2H5U6XZZISD53ECE7MJFTKJACOXW4GOGFSH47W
Stora Enso Oyj,STRE,1999999999,$0.127,forestry.stellar-commodities.com,GB7WDOH5D57OSCEXEF3N5JMT6B2YDFOGNWVWDCFKMW7YZYG72SHDSGIW
GWI,GWI,1999999999,$0.127,forestry.stellar-commodities.com,GB7WDOH5D57OSCEXEF3N5JMT6B2YDFOGNWVWDCFKMW7YZYG72SHDSGIW
HMP,HMP,1999999998,$0.127,forestry.stellar-commodities.com,GB7WDOH5D57OSCEXEF3N5JMT6B2YDFOGNWVWDCFKMW7YZYG72SHDSGIW
HOLZ,HOLZ,1999999987,$0.127,forestry.stellar-commodities.com,GB7WDOH5D57OSCEXEF3N5JMT6B2YDFOGNWVWDCFKMW7YZYG72SHDSGIW
WFP,WFP,1999999987,$0.127,forestry.stellar-commodities.com,GB7WDOH5D57OSCEXEF3N5JMT6B2YDFOGNWVWDCFKMW7YZYG72SHDSGIW
Dehua Co. Ltd.,DHU,1999999876,$0.127,forestry.stellar-commodities.com,GB7WDOH5D57OSCEXEF3N5JMT6B2YDFOGNWVWDCFKMW7YZYG72SHDSGIW
Duratex,DTX,1999987987,$0.127,forestry.stellar-commodities.com,GB7WDOH5D57OSCEXEF3N5JMT6B2YDFOGNWVWDCFKMW7YZYG72SHDSGIW
Svenska Cellulosa AB,SCA,700000000,$0.127,forestry.stellar-commodities.com,GB7WDOH5D57OSCEXEF3N5JMT6B2YDFOGNWVWDCFKMW7YZYG72SHDSGIW
Silver,ROSILVER,5282.62,$0.127,ro-stellar.co,GARJOFC5723NAIKULNWWRXDW6VYTZVQITL5KX3ZRST5MU2FKXSVPCJ6P
SBQ,SBQ,2140999999,$0.126,No Domain,GDKBIU2WB35TBSNDFH74VXLNV6TXXAMAXELM4D53JKIUXQWQ2FOAHPAU
IPAYDE,IPAYDE,228310.59,$0.126,No Domain,GDEUQ2MX3YXMITFOTC3CO3GW5V3XE3IVG7JKLZZAOZ7WFYIN256INDUS
Showa Denko K. K.,SDKK,2099999997,$0.125,aluminum.stellar-commodities.com,GCMIJ3L6FKI2KHT5IEUULXKQK4KAC5P6K6EHMJMYMIBMGA5JLCYRXXPN
CVX,CVX,985066857.27,$0.125,No Domain,GDJSCIRHDGDGEI5SABB4COMUCJXM7S7HJQPHMF2AL3KX4Q4RHWGAQWGQ
Interfor Corporation,IFP,2099999997,$0.124,forestry.stellar-commodities.com,GB7WDOH5D57OSCEXEF3N5JMT6B2YDFOGNWVWDCFKMW7YZYG72SHDSGIW
Enviva Partners LLP,ENVA,2099999997,$0.124,forestry.stellar-commodities.com,GB7WDOH5D57OSCEXEF3N5JMT6B2YDFOGNWVWDCFKMW7YZYG72SHDSGIW
Koppers Holdings,KPRS,2099999994,$0.124,forestry.stellar-commodities.com,GB7WDOH5D57OSCEXEF3N5JMT6B2YDFOGNWVWDCFKMW7YZYG72SHDSGIW
VUI,VUI,700000015,$0.124,uranium.stellar-commodities.com,GDGCFLA6IHQYE3O2J2HRQ2NMM2MXNBUABZQKHOMYIDOI5J3QJFD5ZMV2
RUGOLD,RUGOLD,7019793.27,$0.124,No Domain,GDEUQ2MX3YXMITFOTC3CO3GW5V3XE3IVG7JKLZZAOZ7WFYIN256INDUS
CASILVERSALE,CASILVERSALE,1666666.67,$0.123,No Domain,GDEUQ2MX3YXMITFOTC3CO3GW5V3XE3IVG7JKLZZAOZ7WFYIN256INDUS
RHTRANSFER,RHTRANSFER,1666666.67,$0.122,No Domain,GDEUQ2MX3YXMITFOTC3CO3GW5V3XE3IVG7JKLZZAOZ7WFYIN256INDUS
USGOLD,USGOLD,284090.92,$0.122,No Domain,GDEUQ2MX3YXMITFOTC3CO3GW5V3XE3IVG7JKLZZAOZ7WFYIN256INDUS
RUGOLDMINE,RUGOLDMINE,845026.55,$0.120,No Domain,GDEUQ2MX3YXMITFOTC3CO3GW5V3XE3IVG7JKLZZAOZ7WFYIN256INDUS
TLK,TLK,2009999997,$0.119,forestry.stellar-commodities.com,GB7WDOH5D57OSCEXEF3N5JMT6B2YDFOGNWVWDCFKMW7YZYG72SHDSGIW
Qualcomm,QCOM,1999999999,$0.118,silicon.stellar-commodities.com,GAEKCEF6ERJYCHZGQZQXKDADGJ6OTVRCWSBPHGATFXWO2BM5JIE73Z2C
NXP Semiconductors,NXPI,1999999999,$0.118,silicon.stellar-commodities.com,GAEKCEF6ERJYCHZGQZQXKDADGJ6OTVRCWSBPHGATFXWO2BM5JIE73Z2C
Sierra-Pacific,SPX,1999999999,$0.118,forestry.stellar-commodities.com,GB7WDOH5D57OSCEXEF3N5JMT6B2YDFOGNWVWDCFKMW7YZYG72SHDSGIW
Masco Corporation,MAS,1999999999,$0.118,forestry.stellar-commodities.com,GB7WDOH5D57OSCEXEF3N5JMT6B2YDFOGNWVWDCFKMW7YZYG72SHDSGIW
Boise Cascade Co.,BCC,1999999999,$0.118,forestry.stellar-commodities.com,GB7WDOH5D57OSCEXEF3N5JMT6B2YDFOGNWVWDCFKMW7YZYG72SHDSGIW
Nippon Steel Corp.,NPN,1999999999,$0.118,steel.stellar-commodities.com,GAAMDSXA7AYXIG6DFRDP55Y4ZVLIZ7PD6NUUQXLE6EMERI3GSYIGM3FW
JELD-WEN Holding,JELD,1999999944,$0.118,forestry.stellar-commodities.com,GB7WDOH5D57OSCEXEF3N5JMT6B2YDFOGNWVWDCFKMW7YZYG72SHDSGIW
Canfor Corporation,CFP,1999999876,$0.118,forestry.stellar-commodities.com,GB7WDOH5D57OSCEXEF3N5JMT6B2YDFOGNWVWDCFKMW7YZYG72SHDSGIW
Norbord Inc.,NRBD,1996969694,$0.118,forestry.stellar-commodities.com,GB7WDOH5D57OSCEXEF3N5JMT6B2YDFOGNWVWDCFKMW7YZYG72SHDSGIW
FIVR,FIVR,310526334.21,$0.118,No Domain,GBGJUBIKVROW6XSWPKHW3FXLEM5O4SBGWZ55SXRSW2WEHSWSMLEJGMMG
SILVERTRADE,SILVERTRADE,3879310.34,$0.118,No Domain,GDEUQ2MX3YXMITFOTC3CO3GW5V3XE3IVG7JKLZZAOZ7WFYIN256INDUS
ITGOLDSALES,ITGOLDSALES,2941176.47,$0.118,No Domain,GDEUQ2MX3YXMITFOTC3CO3GW5V3XE3IVG7JKLZZAOZ7WFYIN256INDUS
GOLDTRANSFER,GOLDTRANSFER,1666666.67,$0.118,No Domain,GDEUQ2MX3YXMITFOTC3CO3GW5V3XE3IVG7JKLZZAOZ7WFYIN256INDUS
QNB,QNB,130002002.69,$0.117,No Domain,GC5TKH22CPW4BC5KUPBN233IMESBRJOJ6WUSOAN3R4KMWTFTUVO4ASZD
GOLDMINE,GOLDMINE,2083333.33,$0.116,No Domain,GDEUQ2MX3YXMITFOTC3CO3GW5V3XE3IVG7JKLZZAOZ7WFYIN256INDUS
SLVRTRANSFER,SLVRTRANSFER,1759834.37,$0.116,No Domain,GDEUQ2MX3YXMITFOTC3CO3GW5V3XE3IVG7JKLZZAOZ7WFYIN256INDUS
GOLDRESERVE,GOLDRESERVE,752129.88,$0.115,No Domain,GDEUQ2MX3YXMITFOTC3CO3GW5V3XE3IVG7JKLZZAOZ7WFYIN256INDUS
CONT,CONT,1537064179,$0.114,No Domain,GBBBKVDTVYK3D6VPRM6T2I63XHM6PJAAS5T4T25WTVL3AD2Q5VX6HESG
INSILVERSALE,INSILVERSALE,2941176.47,$0.112,No Domain,GDEUQ2MX3YXMITFOTC3CO3GW5V3XE3IVG7JKLZZAOZ7WFYIN256INDUS
AUSILVERSALE,AUSILVERSALE,1470588.24,$0.112,No Domain,GDEUQ2MX3YXMITFOTC3CO3GW5V3XE3IVG7JKLZZAOZ7WFYIN256INDUS
SILVERMINE,SILVERMINE,1724137.93,$0.109,No Domain,GDEUQ2MX3YXMITFOTC3CO3GW5V3XE3IVG7JKLZZAOZ7WFYIN256INDUS
GSINDUS,GSINDUS,518409.20,$0.108,No Domain,GCN2N7NUM5LVSXPCE63LENMXBBBG53VWLDTBNZSIGJ6EUKAMDUEMDHBP
DEGOLDSALES,DEGOLDSALES,1877289.38,$0.107,No Domain,GDEUQ2MX3YXMITFOTC3CO3GW5V3XE3IVG7JKLZZAOZ7WFYIN256INDUS
RHODIUMMINE,RHODIUMMINE,1282051.28,$0.107,No Domain,GDEUQ2MX3YXMITFOTC3CO3GW5V3XE3IVG7JKLZZAOZ7WFYIN256INDUS
SLVRDIVIDEND,SLVRDIVIDEND,714285.71,$0.105,No Domain,GDEUQ2MX3YXMITFOTC3CO3GW5V3XE3IVG7JKLZZAOZ7WFYIN256INDUS
FARMBOND 110.1%,FB01,234701889.95,$0.104,agrogenesis.in,GAEOCYPIX36WFIJH4JS4AYZPAJLQBI6BTA5TWCDACGHY3JFHTUOAFARM
MEITUAN,MEITUAN,210006999.90,$0.102,No Domain,GB7QZLIXRRJSW3524ROKQPCRPNGBNUZP7MKQK724ZVUHDIAWCAASS5OP
IPAYSWISS,IPAYSWISS,6666668,$0.101,No Domain,GDEUQ2MX3YXMITFOTC3CO3GW5V3XE3IVG7JKLZZAOZ7WFYIN256INDUS
RHODIUMSPOT,RHODIUMSPOT,352113.42,$0.101,No Domain,GDEUQ2MX3YXMITFOTC3CO3GW5V3XE3IVG7JKLZZAOZ7WFYIN256INDUS
Pirelli,PIRC,1696969696,$0.100,rubber.stellar-commodities.com,GCYIPD2C7DMFZ45UNJRFBXDQ57A55LXP7SFGHOJHOT7DPYM3PG2OJB33
Xstrata,XST,400000699,$0.100,platinum.stellar-commodities.com,GB3TORQPESHPJO4R62VV43ROKEFTFGLES4FF4JSJMFP7X7FU6HQ2SBSI
CAGOLDSALES,CAGOLDSALES,2631578.95,$0.100,No Domain,GDEUQ2MX3YXMITFOTC3CO3GW5V3XE3IVG7JKLZZAOZ7WFYIN256INDUS
GOLDSPOT,GOLDSPOT,1001224.84,$0.0991,No Domain,GDEUQ2MX3YXMITFOTC3CO3GW5V3XE3IVG7JKLZZAOZ7WFYIN256INDUS
USGOLDMINE,USGOLDMINE,2631578.95,$0.0935,No Domain,GDEUQ2MX3YXMITFOTC3CO3GW5V3XE3IVG7JKLZZAOZ7WFYIN256INDUS
RR,RR,305598255.80,$0.0923,No Domain,GDLY2XNU57EQKYXK4XLN7N7ZKHH62FXYQZ2UPUJ6YD75AZYLUUO5QLST
AUGOLDSALES,AUGOLDSALES,1136363.64,$0.0923,No Domain,GDEUQ2MX3YXMITFOTC3CO3GW5V3XE3IVG7JKLZZAOZ7WFYIN256INDUS
Century Aluminum Co.,CENX,1444444444,$0.0917,aluminum.stellar-commodities.com,GCMIJ3L6FKI2KHT5IEUULXKQK4KAC5P6K6EHMJMYMIBMGA5JLCYRXXPN
SEBA,SEBA,1285443.20,$0.0913,swisscustody.org,GDOD3EW7SAJXVJB43R7LDR4FC4MFXES6KJ4YGGFTWSFID3XV6WL5W3LY
IPAYJP,IPAYJP,3648645.45,$0.0906,No Domain,GDEUQ2MX3YXMITFOTC3CO3GW5V3XE3IVG7JKLZZAOZ7WFYIN256INDUS
KOCH,KOCH,262553196,$0.0894,No Domain,GDJSCIRHDGDGEI5SABB4COMUCJXM7S7HJQPHMF2AL3KX4Q4RHWGAQWGQ
USSILVERSALE,USSILVERSALE,2909090.91,$0.0886,No Domain,GDEUQ2MX3YXMITFOTC3CO3GW5V3XE3IVG7JKLZZAOZ7WFYIN256INDUS
IPAY,IPAY,1833337.33,$0.0884,No Domain,GDEUQ2MX3YXMITFOTC3CO3GW5V3XE3IVG7JKLZZAOZ7WFYIN256INDUS
MELD,MELD,111709.46,$0.0882,No Domain,GCPEXGL2NAMN47XAUSWN6KGVDRUCNHICZSJCL2UUHBUOBPOXWJUPABDC
CAGOLDMINE,CAGOLDMINE,3846154.34,$0.0878,No Domain,GDEUQ2MX3YXMITFOTC3CO3GW5V3XE3IVG7JKLZZAOZ7WFYIN256INDUS
CASILVER,CASILVER,2857142.86,$0.0870,No Domain,GDEUQ2MX3YXMITFOTC3CO3GW5V3XE3IVG7JKLZZAOZ7WFYIN256INDUS
NOVA,NOVA,565608723.91,$0.0857,No Domain,GBGJUBIKVROW6XSWPKHW3FXLEM5O4SBGWZ55SXRSW2WEHSWSMLEJGMMG
AUGOLDMINE,AUGOLDMINE,1724137.93,$0.0831,No Domain,GDEUQ2MX3YXMITFOTC3CO3GW5V3XE3IVG7JKLZZAOZ7WFYIN256INDUS
GOLDINVEST,GOLDINVEST,1724137.93,$0.0828,No Domain,GDEUQ2MX3YXMITFOTC3CO3GW5V3XE3IVG7JKLZZAOZ7WFYIN256INDUS
DGX,DGX,103532.92,$0.0817,No Domain,GCPEXGL2NAMN47XAUSWN6KGVDRUCNHICZSJCL2UUHBUOBPOXWJUPABDC
DUTCHSILVER,DUTCHSILVER,3571428.57,$0.0816,No Domain,GDEUQ2MX3YXMITFOTC3CO3GW5V3XE3IVG7JKLZZAOZ7WFYIN256INDUS
FRSILVERSALE,FRSILVERSALE,3571428.57,$0.0816,No Domain,GDEUQ2MX3YXMITFOTC3CO3GW5V3XE3IVG7JKLZZAOZ7WFYIN256INDUS
AWG,AWG,177426.85,$0.0810,No Domain,GCPEXGL2NAMN47XAUSWN6KGVDRUCNHICZSJCL2UUHBUOBPOXWJUPABDC
RHODIUMBUY,RHODIUMBUY,3448275.86,$0.0787,No Domain,GDEUQ2MX3YXMITFOTC3CO3GW5V3XE3IVG7JKLZZAOZ7WFYIN256INDUS
INDIAGOLD,INDIAGOLD,1470588.24,$0.0783,No Domain,GDEUQ2MX3YXMITFOTC3CO3GW5V3XE3IVG7JKLZZAOZ7WFYIN256INDUS
GEC,GEC,61451000,$0.0780,No Domain,GDJSCIRHDGDGEI5SABB4COMUCJXM7S7HJQPHMF2AL3KX4Q4RHWGAQWGQ
Lonmin PLC,LNM,275000100,$0.0775,platinum.stellar-commodities.com,GB3TORQPESHPJO4R62VV43ROKEFTFGLES4FF4JSJMFP7X7FU6HQ2SBSI
DEGOLDMINE,DEGOLDMINE,2325581.40,$0.0767,No Domain,GDEUQ2MX3YXMITFOTC3CO3GW5V3XE3IVG7JKLZZAOZ7WFYIN256INDUS
AGLD,AGLD,94620.75,$0.0756,No Domain,GCPEXGL2NAMN47XAUSWN6KGVDRUCNHICZSJCL2UUHBUOBPOXWJUPABDC
RHBULLION,RHBULLION,2083496.09,$0.0740,No Domain,GDEUQ2MX3YXMITFOTC3CO3GW5V3XE3IVG7JKLZZAOZ7WFYIN256INDUS
INDUSGOLD,INDUSGOLD,2080952,$0.0739,No Domain,GDEUQ2MX3YXMITFOTC3CO3GW5V3XE3IVG7JKLZZAOZ7WFYIN256INDUS
KGHM,KGHM,375000019,$0.0711,platinum.stellar-commodities.com,GB3TORQPESHPJO4R62VV43ROKEFTFGLES4FF4JSJMFP7X7FU6HQ2SBSI
SILVERNOTE,SILVERNOTE,1065199,$0.0703,No Domain,GDEUQ2MX3YXMITFOTC3CO3GW5V3XE3IVG7JKLZZAOZ7WFYIN256INDUS
FRGOLDMINE,FRGOLDMINE,1428571.43,$0.0689,No Domain,GDEUQ2MX3YXMITFOTC3CO3GW5V3XE3IVG7JKLZZAOZ7WFYIN256INDUS
SLVRBULLION,SLVRBULLION,833333.67,$0.0684,No Domain,GDEUQ2MX3YXMITFOTC3CO3GW5V3XE3IVG7JKLZZAOZ7WFYIN256INDUS
PGM,PGM,350000099,$0.0683,platinum.stellar-commodities.com,GB3TORQPESHPJO4R62VV43ROKEFTFGLES4FF4JSJMFP7X7FU6HQ2SBSI
JPGOLDMINE,JPGOLDMINE,1669449.08,$0.0678,No Domain,GDEUQ2MX3YXMITFOTC3CO3GW5V3XE3IVG7JKLZZAOZ7WFYIN256INDUS
JPSILVERMINE,JPSILVERMINE,1666666.67,$0.0677,No Domain,GDEUQ2MX3YXMITFOTC3CO3GW5V3XE3IVG7JKLZZAOZ7WFYIN256INDUS
Toyoda Gosei,TOYO,1000000004,$0.0668,rubber.stellar-commodities.com,GCYIPD2C7DMFZ45UNJRFBXDQ57A55LXP7SFGHOJHOT7DPYM3PG2OJB33
SLV,SLV,205052493.64,$0.0668,No Domain,GBWKSMDG7LIDERBDLJMV2CSGUXOYKSS422QRMZBO5FCJKWGG2REF2XYR
GAZ,GAZ,10000000,$0.0660,No Domain,GCNMJWCYTEJFYNK43DIW6ODLHDEFODPXTPV3QIOYVUWSJIGH5YDT7KKS
SILVERPAY,SILVERPAY,2000000,$0.0660,No Domain,GDEUQ2MX3YXMITFOTC3CO3GW5V3XE3IVG7JKLZZAOZ7WFYIN256INDUS
GOLDNOTEUSA,GOLDNOTEUSA,5005005,$0.0643,No Domain,GDEUQ2MX3YXMITFOTC3CO3GW5V3XE3IVG7JKLZZAOZ7WFYIN256INDUS
IPAYRU,IPAYRU,2500000,$0.0634,No Domain,GDEUQ2MX3YXMITFOTC3CO3GW5V3XE3IVG7JKLZZAOZ7WFYIN256INDUS
CAGOLD,CAGOLD,2083333.33,$0.0634,No Domain,GDEUQ2MX3YXMITFOTC3CO3GW5V3XE3IVG7JKLZZAOZ7WFYIN256INDUS
IPAYSA,IPAYSA,16581631.59,$0.0631,No Domain,GDEUQ2MX3YXMITFOTC3CO3GW5V3XE3IVG7JKLZZAOZ7WFYIN256INDUS
JAPANSILVER,JAPANSILVER,2083333.33,$0.0631,No Domain,GDEUQ2MX3YXMITFOTC3CO3GW5V3XE3IVG7JKLZZAOZ7WFYIN256INDUS
PETRO,PETRO,990000000,$0.0628,gas.stellar-commodities.com,GDNCIRZGTYTPGDSTXR2H5U6XZZISD53ECE7MJFTKJACOXW4GOGFSH47W
IPAYSWEDE,IPAYSWEDE,8130081.30,$0.0619,No Domain,GDEUQ2MX3YXMITFOTC3CO3GW5V3XE3IVG7JKLZZAOZ7WFYIN256INDUS
INGOLDMINE,INGOLDMINE,2127660.31,$0.0615,No Domain,GDEUQ2MX3YXMITFOTC3CO3GW5V3XE3IVG7JKLZZAOZ7WFYIN256INDUS
DESILVERMINE,DESILVERMINE,1730103.81,$0.0615,No Domain,GDEUQ2MX3YXMITFOTC3CO3GW5V3XE3IVG7JKLZZAOZ7WFYIN256INDUS
Hankook Tire & Tech.,HNK,1000000004,$0.0591,rubber.stellar-commodities.com,GCYIPD2C7DMFZ45UNJRFBXDQ57A55LXP7SFGHOJHOT7DPYM3PG2OJB33
VLN,VLN,464597761,$0.0589,No Domain,GBGJUBIKVROW6XSWPKHW3FXLEM5O4SBGWZ55SXRSW2WEHSWSMLEJGMMG
INSILVERMINE,INSILVERMINE,1785714.29,$0.0589,No Domain,GDEUQ2MX3YXMITFOTC3CO3GW5V3XE3IVG7JKLZZAOZ7WFYIN256INDUS
TSLA,TSLA,29782499.54,$0.0580,No Domain,GC4YMNVVOMF2IOPKGCZSBMWAT2JTVJ4PLSCV7SOVDSNLMC73HMUDDRQY
RHINVEST,RHINVEST,1886793,$0.0574,No Domain,GDEUQ2MX3YXMITFOTC3CO3GW5V3XE3IVG7JKLZZAOZ7WFYIN256INDUS
GOLDPAY,GOLDPAY,1502629.60,$0.0571,No Domain,GDEUQ2MX3YXMITFOTC3CO3GW5V3XE3IVG7JKLZZAOZ7WFYIN256INDUS
DEGOLD,DEGOLD,2785516,$0.0565,No Domain,GDEUQ2MX3YXMITFOTC3CO3GW5V3XE3IVG7JKLZZAOZ7WFYIN256INDUS
FRENCHGOLD,FRENCHGOLD,4922291.54,$0.0562,No Domain,GDEUQ2MX3YXMITFOTC3CO3GW5V3XE3IVG7JKLZZAOZ7WFYIN256INDUS
IPAYFIN,IPAYFIN,19000000,$0.0555,No Domain,GDEUQ2MX3YXMITFOTC3CO3GW5V3XE3IVG7JKLZZAOZ7WFYIN256INDUS
AFREUM,AFR,517.65,$0.0550,afreum.com,GBX6YI45VU7WNAAKA3RBFDR3I3UKNFHTJPQ5F6KOOKSGYIAM4TRQN54W
DUTCHGOLD,DUTCHGOLD,3571428.57,$0.0544,No Domain,GDEUQ2MX3YXMITFOTC3CO3GW5V3XE3IVG7JKLZZAOZ7WFYIN256INDUS
SARHODIUM,SARHODIUM,625000,$0.0540,No Domain,GDEUQ2MX3YXMITFOTC3CO3GW5V3XE3IVG7JKLZZAOZ7WFYIN256INDUS
INDIASILVER,INDIASILVER,1111111.11,$0.0536,No Domain,GDEUQ2MX3YXMITFOTC3CO3GW5V3XE3IVG7JKLZZAOZ7WFYIN256INDUS
IPAYBE,IPAYBE,6439150.03,$0.0531,No Domain,GDEUQ2MX3YXMITFOTC3CO3GW5V3XE3IVG7JKLZZAOZ7WFYIN256INDUS
CAMT,CAMT,822222330,$0.0522,No Domain,GBGJUBIKVROW6XSWPKHW3FXLEM5O4SBGWZ55SXRSW2WEHSWSMLEJGMMG
AUGOLD,AUGOLD,1470588.24,$0.0522,No Domain,GDEUQ2MX3YXMITFOTC3CO3GW5V3XE3IVG7JKLZZAOZ7WFYIN256INDUS
CASILVERMINE,CASILVERMINE,1470588.24,$0.0522,No Domain,GDEUQ2MX3YXMITFOTC3CO3GW5V3XE3IVG7JKLZZAOZ7WFYIN256INDUS
RUSILVERMINE,RUSILVERMINE,161509.90,$0.0520,No Domain,GDEUQ2MX3YXMITFOTC3CO3GW5V3XE3IVG7JKLZZAOZ7WFYIN256INDUS
DESILVER,DESILVER,3333333.33,$0.0507,No Domain,GDEUQ2MX3YXMITFOTC3CO3GW5V3XE3IVG7JKLZZAOZ7WFYIN256INDUS
IPAYCA,IPAYCA,2000000,$0.0507,No Domain,GDEUQ2MX3YXMITFOTC3CO3GW5V3XE3IVG7JKLZZAOZ7WFYIN256INDUS
FARMBOND 6.21%,FB03,12124959.90,$0.0504,agrogenesis.in,GAEOCYPIX36WFIJH4JS4AYZPAJLQBI6BTA5TWCDACGHY3JFHTUOAFARM
AGROGENESIS,AGRO,0.00587,$0.0500,agrogenesis.in,GAEOCYPIX36WFIJH4JS4AYZPAJLQBI6BTA5TWCDACGHY3JFHTUOAFARM
RURHODIUM,RURHODIUM,476190.48,$0.0495,No Domain,GDEUQ2MX3YXMITFOTC3CO3GW5V3XE3IVG7JKLZZAOZ7WFYIN256INDUS
UMC,UMC,310309332.77,$0.0492,No Domain,GAU7X4IX56QCXHS4GP663W7VPM2HLQGMKJ7JGGDLT2KOZHHQXTTOKSKS
VOD,VOD,171444445,$0.0483,No Domain,GDLY2XNU57EQKYXK4XLN7N7ZKHH62FXYQZ2UPUJ6YD75AZYLUUO5QLST
ROSEAU,ROSEAU,13181.55,$0.0482,No Domain,GCPEXGL2NAMN47XAUSWN6KGVDRUCNHICZSJCL2UUHBUOBPOXWJUPABDC
CARHODIUM,CARHODIUM,3733333.33,$0.0478,No Domain,GDEUQ2MX3YXMITFOTC3CO3GW5V3XE3IVG7JKLZZAOZ7WFYIN256INDUS
RUSILVER,RUSILVER,781250,$0.0476,No Domain,GDEUQ2MX3YXMITFOTC3CO3GW5V3XE3IVG7JKLZZAOZ7WFYIN256INDUS
IPAYICE,IPAYICE,8970648.67,$0.0467,No Domain,GDEUQ2MX3YXMITFOTC3CO3GW5V3XE3IVG7JKLZZAOZ7WFYIN256INDUS
SILVERINVEST,SILVERINVEST,1666666.67,$0.0465,No Domain,GDEUQ2MX3YXMITFOTC3CO3GW5V3XE3IVG7JKLZZAOZ7WFYIN256INDUS
SILVERESERVE,SILVERESERVE,505050.51,$0.0449,No Domain,GDEUQ2MX3YXMITFOTC3CO3GW5V3XE3IVG7JKLZZAOZ7WFYIN256INDUS
VGOK,VGOK,700000015,$0.0444,uranium.stellar-commodities.com,GDGCFLA6IHQYE3O2J2HRQ2NMM2MXNBUABZQKHOMYIDOI5J3QJFD5ZMV2
Vimy Resources Ltd.,VMY,700000015,$0.0444,uranium.stellar-commodities.com,GDGCFLA6IHQYE3O2J2HRQ2NMM2MXNBUABZQKHOMYIDOI5J3QJFD5ZMV2
RDSA,RDSA,171993346,$0.0436,No Domain,GDLY2XNU57EQKYXK4XLN7N7ZKHH62FXYQZ2UPUJ6YD75AZYLUUO5QLST
ITALYSILVER,ITALYSILVER,1205870.27,$0.0428,No Domain,GDEUQ2MX3YXMITFOTC3CO3GW5V3XE3IVG7JKLZZAOZ7WFYIN256INDUS
Kaiser Aluminum,KALU,10000615,$0.0423,aluminum.stellar-commodities.com,GCMIJ3L6FKI2KHT5IEUULXKQK4KAC5P6K6EHMJMYMIBMGA5JLCYRXXPN
FRGOLDSALES,FRGOLDSALES,1500000,$0.0421,No Domain,GDEUQ2MX3YXMITFOTC3CO3GW5V3XE3IVG7JKLZZAOZ7WFYIN256INDUS
VOW,VOW,203869487.83,$0.0397,No Domain,GBBBKVDTVYK3D6VPRM6T2I63XHM6PJAAS5T4T25WTVL3AD2Q5VX6HESG
HONDA,HONDA,124563906.89,$0.0395,No Domain,GBW3JAGBMMSULGE4KOMGQ4J7RYQHUFBSD33RCTHPBJVYUHFJSTIFK7KD
GOLDNOTERU,GOLDNOTERU,20535714.29,$0.0389,No Domain,GDEUQ2MX3YXMITFOTC3CO3GW5V3XE3IVG7JKLZZAOZ7WFYIN256INDUS
INVZ,INVZ,33600424,$0.0373,No Domain,GBGJUBIKVROW6XSWPKHW3FXLEM5O4SBGWZ55SXRSW2WEHSWSMLEJGMMG
ITSILVERSALE,ITSILVERSALE,2083333.33,$0.0370,No Domain,GDEUQ2MX3YXMITFOTC3CO3GW5V3XE3IVG7JKLZZAOZ7WFYIN256INDUS
NONGFU,NONGFU,139759999.92,$0.0345,No Domain,GB7QZLIXRRJSW3524ROKQPCRPNGBNUZP7MKQK724ZVUHDIAWCAASS5OP
WHITEAU,WHITEAU,12333.86,$0.0345,No Domain,GCPEXGL2NAMN47XAUSWN6KGVDRUCNHICZSJCL2UUHBUOBPOXWJUPABDC
ITGOLDMINE,ITGOLDMINE,2083333.33,$0.0344,No Domain,GDEUQ2MX3YXMITFOTC3CO3GW5V3XE3IVG7JKLZZAOZ7WFYIN256INDUS
JAPANGOLD,JAPANGOLD,2083333.33,$0.0340,No Domain,GDEUQ2MX3YXMITFOTC3CO3GW5V3XE3IVG7JKLZZAOZ7WFYIN256INDUS
AFREUM IDR,AIDR,316.45,$0.0332,afreum.com,GCJFH6HI5UPQVTUUOAS7JPOEPCQZCNGM63GWMBL6ULGUL4XUXRIXXIEQ
BP,BP,153912314.48,$0.0325,No Domain,GDJSCIRHDGDGEI5SABB4COMUCJXM7S7HJQPHMF2AL3KX4Q4RHWGAQWGQ
RHODIUMNOTE,RHODIUMNOTE,847457.63,$0.0323,No Domain,GDEUQ2MX3YXMITFOTC3CO3GW5V3XE3IVG7JKLZZAOZ7WFYIN256INDUS
RUSILVERSALE,RUSILVERSALE,847457.63,$0.0323,No Domain,GDEUQ2MX3YXMITFOTC3CO3GW5V3XE3IVG7JKLZZAOZ7WFYIN256INDUS
LLOY,LLOY,176940332.22,$0.0321,No Domain,GDLY2XNU57EQKYXK4XLN7N7ZKHH62FXYQZ2UPUJ6YD75AZYLUUO5QLST
AABBG,AABBG,16807.35,$0.0318,No Domain,GCPEXGL2NAMN47XAUSWN6KGVDRUCNHICZSJCL2UUHBUOBPOXWJUPABDC
IPAYNOR,IPAYNOR,8167932.70,$0.0311,No Domain,GDEUQ2MX3YXMITFOTC3CO3GW5V3XE3IVG7JKLZZAOZ7WFYIN256INDUS
YELLOWAU,YELLOWAU,9718.86,$0.0303,No Domain,GCPEXGL2NAMN47XAUSWN6KGVDRUCNHICZSJCL2UUHBUOBPOXWJUPABDC
INGOLDSALES,INGOLDSALES,724637.68,$0.0294,No Domain,GDEUQ2MX3YXMITFOTC3CO3GW5V3XE3IVG7JKLZZAOZ7WFYIN256INDUS
IPAYUK,IPAYUK,4347826.09,$0.0292,No Domain,GDEUQ2MX3YXMITFOTC3CO3GW5V3XE3IVG7JKLZZAOZ7WFYIN256INDUS
JPSILVERSALE,JPSILVERSALE,1020408.16,$0.0286,No Domain,GDEUQ2MX3YXMITFOTC3CO3GW5V3XE3IVG7JKLZZAOZ7WFYIN256INDUS
GOLDNOTESW,GOLDNOTESW,10405827.26,$0.0275,No Domain,GDEUQ2MX3YXMITFOTC3CO3GW5V3XE3IVG7JKLZZAOZ7WFYIN256INDUS
GoldNote,GOLDNOTE,9803.92,$0.0275,induspay.gold,GC45NXE5QVDE3T5MKK234OD32GLGK66MUZ4FXQI67SCWV7C7LRQLNDUS
FARMBOND 10.11%,FB02,18369508.80,$0.0233,agrogenesis.in,GAEOCYPIX36WFIJH4JS4AYZPAJLQBI6BTA5TWCDACGHY3JFHTUOAFARM
GOLDNOTECN,GOLDNOTECN,6738090.43,$0.0182,No Domain,GDEUQ2MX3YXMITFOTC3CO3GW5V3XE3IVG7JKLZZAOZ7WFYIN256INDUS
PHOR,PHOR,16977928.69,$0.0172,No Domain,GCNMJWCYTEJFYNK43DIW6ODLHDEFODPXTPV3QIOYVUWSJIGH5YDT7KKS
FRSILVERMINE,FRSILVERMINE,406504.17,$0.0144,No Domain,GDEUQ2MX3YXMITFOTC3CO3GW5V3XE3IVG7JKLZZAOZ7WFYIN256INDUS
GREENAU,GREENAU,8636.91,$0.0142,No Domain,GCPEXGL2NAMN47XAUSWN6KGVDRUCNHICZSJCL2UUHBUOBPOXWJUPABDC
MODL,MODL,30000100,$0.0127,No Domain,GDVNAXYI532JJGE2SJIGWIOCGM26QPFZ6LWGCM3YAZUWNSMIAOWNTY2U
TAIR,TAIR,59595980,$0.0108,No Domain,GD7BRTB5BOZZRDCMQSP2QK7SRWQRHEZIQ6W47QLGIAQQYDTO4R2DFHLP
TSLA,TSLA,14337858.14,$0.0102,No Domain,GDY7LCU3O5N2OLQNXEZ7RD53QJMHAB3FFJBGKJ65YK4D43EMJKP45BMU
XOM,XOM,60679899.64,$0.00990,No Domain,GDJSCIRHDGDGEI5SABB4COMUCJXM7S7HJQPHMF2AL3KX4Q4RHWGAQWGQ
AFREUM INR,AINR,14.71,$0.00781,afreum.com,GCJFH6HI5UPQVTUUOAS7JPOEPCQZCNGM63GWMBL6ULGUL4XUXRIXXIEQ
AKRN,AKRN,16844244,$0.00725,No Domain,GCNMJWCYTEJFYNK43DIW6ODLHDEFODPXTPV3QIOYVUWSJIGH5YDT7KKS
TESLA,TESLA,0,null,No Domain,GBOICAM72V5U77AG3GMH7M6HUPQSJTDRMD7GSRPZE3ANMNK7SBKM7IVJ
CCI,CCI,0,null,No Domain,GAHGXKIU6WO472PXNI2LOGWRTNXQMKDJU2MN5J5S7B562JJLIJNIXFW5
RYMAN,RYMAN,0,null,No Domain,GAHGXKIU6WO472PXNI2LOGWRTNXQMKDJU2MN5J5S7B562JJLIJNIXFW5
TATA,TATA,0,null,No Domain,GBOICAM72V5U77AG3GMH7M6HUPQSJTDRMD7GSRPZE3ANMNK7SBKM7IVJ
AMT,AMT,0,null,No Domain,GAHGXKIU6WO472PXNI2LOGWRTNXQMKDJU2MN5J5S7B562JJLIJNIXFW5
SP500,SP500,0,null,No Domain,GDC74XFU4JW52PHNGY26VJSIS4PQFGAAM5YU7G45N6SG5TSLJGTGBO4J
WEYERHAEUSER,WEYERHAEUSER,0,null,No Domain,GBV7BHZWV2YUCR5ZP3WU4ZAUIZWGOJ5D6PQ65DSMXIL3BM36T56DJ32S
VNA,VNA,0,null,No Domain,GAHGXKIU6WO472PXNI2LOGWRTNXQMKDJU2MN5J5S7B562JJLIJNIXFW5
ADANI,ADANI,0,null,No Domain,GBOICAM72V5U77AG3GMH7M6HUPQSJTDRMD7GSRPZE3ANMNK7SBKM7IVJ
SOLR,SOLR,0,null,No Domain,GBOICAM72V5U77AG3GMH7M6HUPQSJTDRMD7GSRPZE3ANMNK7SBKM7IVJ
DJI,DJI,0,null,No Domain,GDC74XFU4JW52PHNGY26VJSIS4PQFGAAM5YU7G45N6SG5TSLJGTGBO4J
PARAMOUNT,PARAMOUNT,0,null,No Domain,GAHGXKIU6WO472PXNI2LOGWRTNXQMKDJU2MN5J5S7B562JJLIJNIXFW5
PSA,PSA,0,null,No Domain,GAHGXKIU6WO472PXNI2LOGWRTNXQMKDJU2MN5J5S7B562JJLIJNIXFW5
BLUEROCK,BLUEROCK,0,null,No Domain,GAHGXKIU6WO472PXNI2LOGWRTNXQMKDJU2MN5J5S7B562JJLIJNIXFW5
ASX,ASX,0,null,No Domain,GDC74XFU4JW52PHNGY26VJSIS4PQFGAAM5YU7G45N6SG5TSLJGTGBO4J
DLR,DLR,0,null,No Domain,GAHGXKIU6WO472PXNI2LOGWRTNXQMKDJU2MN5J5S7B562JJLIJNIXFW5
APOLLO,APOLLO,0,null,No Domain,GAHGXKIU6WO472PXNI2LOGWRTNXQMKDJU2MN5J5S7B562JJLIJNIXFW5
NOMURA,NOMURA,0,null,No Domain,GAHGXKIU6WO472PXNI2LOGWRTNXQMKDJU2MN5J5S7B562JJLIJNIXFW5
MINDSPACE,MINDSPACE,0,null,No Domain,GAHGXKIU6WO472PXNI2LOGWRTNXQMKDJU2MN5J5S7B562JJLIJNIXFW5
NI225,NI225,0,null,No Domain,GDC74XFU4JW52PHNGY26VJSIS4PQFGAAM5YU7G45N6SG5TSLJGTGBO4J
DAX,DAX,0,null,No Domain,GDC74XFU4JW52PHNGY26VJSIS4PQFGAAM5YU7G45N6SG5TSLJGTGBO4J
SMI,SMI,0,null,No Domain,GDC74XFU4JW52PHNGY26VJSIS4PQFGAAM5YU7G45N6SG5TSLJGTGBO4J
AEON,AEON,0,null,No Domain,GAHGXKIU6WO472PXNI2LOGWRTNXQMKDJU2MN5J5S7B562JJLIJNIXFW5
GMG,GMG,0,null,No Domain,GAHGXKIU6WO472PXNI2LOGWRTNXQMKDJU2MN5J5S7B562JJLIJNIXFW5
AIR,AIR,0,null,No Domain,GAHGXKIU6WO472PXNI2LOGWRTNXQMKDJU2MN5J5S7B562JJLIJNIXFW5
IXIC,IXIC,0,null,No Domain,GDC74XFU4JW52PHNGY26VJSIS4PQFGAAM5YU7G45N6SG5TSLJGTGBO4J
COVIVIO,COVIVIO,0,null,No Domain,GAHGXKIU6WO472PXNI2LOGWRTNXQMKDJU2MN5J5S7B562JJLIJNIXFW5
BROADSTONE,BROADSTONE,0,null,No Domain,GAHGXKIU6WO472PXNI2LOGWRTNXQMKDJU2MN5J5S7B562JJLIJNIXFW5
VEREIT,VEREIT,0,null,No Domain,GAHGXKIU6WO472PXNI2LOGWRTNXQMKDJU2MN5J5S7B562JJLIJNIXFW5
DIAR,DIAR,0,null,No Domain,GAHGXKIU6WO472PXNI2LOGWRTNXQMKDJU2MN5J5S7B562JJLIJNIXFW5
DIGI,DIGI,0,null,No Domain,GAHGXKIU6WO472PXNI2LOGWRTNXQMKDJU2MN5J5S7B562JJLIJNIXFW5
UKX,UKX,0,null,No Domain,GDC74XFU4JW52PHNGY26VJSIS4PQFGAAM5YU7G45N6SG5TSLJGTGBO4J
BXMT,BXMT,0,null,No Domain,GAHGXKIU6WO472PXNI2LOGWRTNXQMKDJU2MN5J5S7B562JJLIJNIXFW5
NNN,NNN,0,null,No Domain,GAHGXKIU6WO472PXNI2LOGWRTNXQMKDJU2MN5J5S7B562JJLIJNIXFW5
FLCT,FLCT,0,null,No Domain,GAHGXKIU6WO472PXNI2LOGWRTNXQMKDJU2MN5J5S7B562JJLIJNIXFW5
KIMCO,KIMCO,0,null,No Domain,GAHGXKIU6WO472PXNI2LOGWRTNXQMKDJU2MN5J5S7B562JJLIJNIXFW5
CHMP,CHMP,0,null,No Domain,GAHGXKIU6WO472PXNI2LOGWRTNXQMKDJU2MN5J5S7B562JJLIJNIXFW5
MRVC,MRVC,0,null,No Domain,GAHGXKIU6WO472PXNI2LOGWRTNXQMKDJU2MN5J5S7B562JJLIJNIXFW5
LINK,LINK,0,null,No Domain,GAHGXKIU6WO472PXNI2LOGWRTNXQMKDJU2MN5J5S7B562JJLIJNIXFW5
NXRT,NXRT,0,null,No Domain,GAHGXKIU6WO472PXNI2LOGWRTNXQMKDJU2MN5J5S7B562JJLIJNIXFW5
CIM,CIM,0,null,No Domain,GAHGXKIU6WO472PXNI2LOGWRTNXQMKDJU2MN5J5S7B562JJLIJNIXFW5
MAC,MAC,0,null,No Domain,GAHGXKIU6WO472PXNI2LOGWRTNXQMKDJU2MN5J5S7B562JJLIJNIXFW5
KITE,KITE,0,null,No Domain,GAHGXKIU6WO472PXNI2LOGWRTNXQMKDJU2MN5J5S7B562JJLIJNIXFW5
RLJ,RLJ,0,null,No Domain,GAHGXKIU6WO472PXNI2LOGWRTNXQMKDJU2MN5J5S7B562JJLIJNIXFW5
SABRA,SABRA,0,null,No Domain,GAHGXKIU6WO472PXNI2LOGWRTNXQMKDJU2MN5J5S7B562JJLIJNIXFW5
IRT,IRT,0,null,No Domain,GAHGXKIU6WO472PXNI2LOGWRTNXQMKDJU2MN5J5S7B562JJLIJNIXFW5
MREIC,MREIC,0,null,No Domain,GAHGXKIU6WO472PXNI2LOGWRTNXQMKDJU2MN5J5S7B562JJLIJNIXFW5
PEB,PEB,0,null,No Domain,GAHGXKIU6WO472PXNI2LOGWRTNXQMKDJU2MN5J5S7B562JJLIJNIXFW5
URBAN,URBAN,0,null,No Domain,GAHGXKIU6WO472PXNI2LOGWRTNXQMKDJU2MN5J5S7B562JJLIJNIXFW5
NYMT,NYMT,0,null,No Domain,GAHGXKIU6WO472PXNI2LOGWRTNXQMKDJU2MN5J5S7B562JJLIJNIXFW5
SAGAX,SAGAX,0,null,No Domain,GAHGXKIU6WO472PXNI2LOGWRTNXQMKDJU2MN5J5S7B562JJLIJNIXFW5
SITE,SITE,0,null,No Domain,GAHGXKIU6WO472PXNI2LOGWRTNXQMKDJU2MN5J5S7B562JJLIJNIXFW5
undefined,undefined,undefined,undefined,undefined,undefined'